Price,Close,High,Low,Open,Volume
Ticker,KITT,KITT,KITT,KITT,KITT
Date,,,,,
2021-08-04,351.3599853515625,353.5199890136719,349.55999755859375,352.79998779296875,13244
2021-08-05,351.3599853515625,351.3599853515625,351.3599853515625,351.3599853515625,1139
2021-08-06,351.3599853515625,352.0799865722656,351.3599853515625,351.3599853515625,16897
2021-08-09,351.7200012207031,351.8999938964844,351.3599853515625,351.7200012207031,1394
2021-08-10,351.7200012207031,353.1600036621094,351.39599609375,351.39599609375,992
2021-08-11,350.6400146484375,351.7200012207031,350.6400146484375,351.0,528
2021-08-12,351.3599853515625,352.79998779296875,350.6400146484375,351.3599853515625,25739
2021-08-13,351.7200012207031,351.7200012207031,350.6400146484375,351.5400085449219,4517
2021-08-16,351.0,351.3599853515625,351.0,351.3599853515625,2486
2021-08-17,353.1600036621094,353.1600036621094,351.0,351.3599853515625,4539
2021-08-18,353.1239929199219,353.1239929199219,352.44000244140625,352.79998779296875,153
2021-08-19,353.1239929199219,353.1239929199219,352.44000244140625,352.44000244140625,483
2021-08-20,353.1600036621094,353.1600036621094,352.79998779296875,352.79998779296875,556
2021-08-23,354.239990234375,354.9599914550781,351.3599853515625,354.9599914550781,42
2021-08-24,354.6000061035156,354.6000061035156,354.239990234375,354.239990234375,267
2021-08-25,354.6000061035156,354.6000061035156,354.239990234375,354.239990234375,147
2021-08-26,354.6000061035156,354.6000061035156,354.6000061035156,354.6000061035156,0
2021-08-27,354.6000061035156,354.6000061035156,354.6000061035156,354.6000061035156,0
2021-08-30,352.6199951171875,354.6000061035156,352.6199951171875,354.2760009765625,2314
2021-08-31,354.2040100097656,354.49200439453125,353.8800048828125,354.239990234375,192
2021-09-01,354.239990234375,354.239990234375,353.8800048828125,353.8800048828125,36
2021-09-02,354.9599914550781,354.9599914550781,354.9599914550781,354.9599914550781,36
2021-09-03,354.9599914550781,354.9599914550781,354.9599914550781,354.9599914550781,28
2021-09-07,354.9599914550781,354.9599914550781,353.8800048828125,354.9599914550781,389
2021-09-08,355.67999267578125,355.67999267578125,354.9599914550781,354.9599914550781,267
2021-09-09,355.67999267578125,355.67999267578125,355.67999267578125,355.67999267578125,0
2021-09-10,355.67999267578125,355.67999267578125,355.67999267578125,355.67999267578125,11139
2021-09-13,355.67999267578125,355.67999267578125,355.67999267578125,355.67999267578125,0
2021-09-14,356.3999938964844,356.760009765625,356.0400085449219,356.0400085449219,175
2021-09-15,357.1199951171875,357.1199951171875,356.760009765625,356.760009765625,50
2021-09-16,356.760009765625,357.4800109863281,356.760009765625,356.760009765625,875
2021-09-17,356.760009765625,356.760009765625,356.760009765625,356.760009765625,33
2021-09-20,356.760009765625,356.760009765625,356.760009765625,356.760009765625,0
2021-09-21,357.4800109863281,363.6000061035156,357.1199951171875,363.6000061035156,72
2021-09-22,357.4800109863281,357.4800109863281,357.4800109863281,357.4800109863281,0
2021-09-23,357.1199951171875,357.1199951171875,357.1199951171875,357.1199951171875,6
2021-09-24,357.1199951171875,357.1199951171875,357.1199951171875,357.1199951171875,0
2021-09-27,357.1199951171875,357.1199951171875,357.1199951171875,357.1199951171875,0
2021-09-28,357.1199951171875,357.1199951171875,357.1199951171875,357.1199951171875,0
2021-09-29,357.1199951171875,357.1199951171875,357.1199951171875,357.1199951171875,0
2021-09-30,357.4800109863281,357.4800109863281,357.1199951171875,357.4800109863281,867
2021-10-01,357.4800109863281,357.4800109863281,357.4800109863281,357.4800109863281,0
2021-10-04,357.4800109863281,357.4800109863281,357.4800109863281,357.4800109863281,17
2021-10-05,357.4800109863281,357.4800109863281,357.4800109863281,357.4800109863281,0
2021-10-06,357.4800109863281,357.4800109863281,357.4800109863281,357.4800109863281,0
2021-10-07,357.1199951171875,357.8399963378906,357.1199951171875,357.8399963378906,97
2021-10-08,357.1199951171875,357.1199951171875,357.1199951171875,357.1199951171875,0
2021-10-11,357.4800109863281,357.4800109863281,357.4800109863281,357.4800109863281,28
2021-10-12,357.4800109863281,357.4800109863281,357.4800109863281,357.4800109863281,0
2021-10-13,357.8399963378906,357.8399963378906,357.8399963378906,357.8399963378906,28
2021-10-14,357.1199951171875,359.2799987792969,357.1199951171875,359.2799987792969,283
2021-10-15,357.8399963378906,358.20001220703125,357.8399963378906,358.20001220703125,2783
2021-10-18,360.3599853515625,393.4800109863281,360.3599853515625,393.4800109863281,28
2021-10-19,356.760009765625,363.239990234375,356.760009765625,363.239990234375,22
2021-10-20,357.4440002441406,357.4440002441406,357.4440002441406,357.4440002441406,6
2021-10-21,357.4440002441406,357.4440002441406,357.4440002441406,357.4440002441406,0
2021-10-22,357.552001953125,357.8399963378906,357.1199951171875,357.8399963378906,19
2021-10-25,358.20001220703125,358.20001220703125,358.20001220703125,358.20001220703125,633
2021-10-26,358.3800048828125,358.9200134277344,358.20001220703125,358.9200134277344,367
2021-10-27,358.3800048828125,358.3800048828125,358.3800048828125,358.3800048828125,0
2021-10-28,358.55999755859375,358.55999755859375,358.55999755859375,358.55999755859375,3
2021-10-29,358.20001220703125,358.20001220703125,356.760009765625,356.760009765625,8397
2021-11-01,358.55999755859375,358.8479919433594,358.55999755859375,358.8479919433594,19
2021-11-02,358.55999755859375,358.55999755859375,358.55999755859375,358.55999755859375,83
2021-11-03,358.4880065917969,358.4880065917969,357.4800109863281,357.4800109863281,8
2021-11-04,358.20001220703125,358.55999755859375,358.0199890136719,358.55999755859375,133
2021-11-05,358.20001220703125,358.20001220703125,358.20001220703125,358.20001220703125,3
2021-11-08,358.20001220703125,358.20001220703125,358.20001220703125,358.20001220703125,6
2021-11-09,358.20001220703125,358.20001220703125,358.20001220703125,358.20001220703125,3222
2021-11-10,358.55999755859375,358.55999755859375,357.8399963378906,357.8399963378906,169
2021-11-11,357.8399963378906,357.8399963378906,357.8399963378906,357.8399963378906,6
2021-11-12,357.8399963378906,357.8399963378906,357.8399963378906,357.8399963378906,0
2021-11-15,358.4880065917969,358.4880065917969,358.4159851074219,358.4159851074219,25
2021-11-16,358.4880065917969,358.4880065917969,358.4880065917969,358.4880065917969,0
2021-11-17,358.4880065917969,358.4880065917969,358.4880065917969,358.4880065917969,0
2021-11-18,357.8399963378906,358.0199890136719,357.8399963378906,358.0199890136719,19
2021-11-19,358.20001220703125,358.20001220703125,357.8399963378906,357.8399963378906,53
2021-11-22,358.20001220703125,358.20001220703125,357.8399963378906,357.8399963378906,31
2021-11-23,360.5400085449219,363.239990234375,360.5400085449219,363.239990234375,72
2021-11-24,358.0199890136719,358.0199890136719,358.0199890136719,358.0199890136719,3
2021-11-26,357.6600036621094,357.8399963378906,356.760009765625,357.8399963378906,3019
2021-11-29,357.6600036621094,357.6600036621094,357.6600036621094,357.6600036621094,0
2021-11-30,358.20001220703125,358.20001220703125,358.20001220703125,358.20001220703125,3
2021-12-01,358.20001220703125,358.20001220703125,358.20001220703125,358.20001220703125,0
2021-12-02,358.20001220703125,358.20001220703125,358.20001220703125,358.20001220703125,0
2021-12-03,358.20001220703125,358.20001220703125,358.20001220703125,358.20001220703125,0
2021-12-06,358.20001220703125,358.9200134277344,357.4800109863281,358.9200134277344,317
2021-12-07,357.4800109863281,357.8399963378906,357.4800109863281,357.8399963378906,175
2021-12-08,360.0,360.0,357.4800109863281,357.8399963378906,2969
2021-12-09,360.0,360.0,359.6400146484375,359.6400146484375,31
2021-12-10,360.0,360.0,360.0,360.0,3
2021-12-13,358.55999755859375,358.55999755859375,358.55999755859375,358.55999755859375,9558
2021-12-14,360.0,360.0,360.0,360.0,3
2021-12-15,358.9200134277344,360.0,358.9200134277344,360.0,111
2021-12-16,357.1199951171875,358.55999755859375,354.6000061035156,354.6000061035156,4314
2021-12-17,361.79998779296875,361.79998779296875,357.4800109863281,357.8399963378906,36708
2021-12-20,357.6600036621094,363.6000061035156,357.4800109863281,363.6000061035156,3592
2021-12-21,357.4800109863281,358.55999755859375,357.4800109863281,357.8399963378906,21575
2021-12-22,356.760009765625,358.0199890136719,356.760009765625,358.0199890136719,30108
2021-12-23,357.8399963378906,358.20001220703125,357.1199951171875,357.8399963378906,5361
2021-12-27,358.20001220703125,360.7200012207031,358.20001220703125,358.55999755859375,133
2021-12-28,358.55999755859375,359.82000732421875,357.8399963378906,359.82000732421875,314
2021-12-29,358.20001220703125,358.55999755859375,357.8399963378906,357.8399963378906,111
2021-12-30,358.20001220703125,358.20001220703125,358.20001220703125,358.20001220703125,8
2021-12-31,358.55999755859375,358.55999755859375,357.8399963378906,357.8399963378906,36
2022-01-03,358.20001220703125,358.9200134277344,357.8399963378906,358.20001220703125,214
2022-01-04,357.8399963378906,358.55999755859375,357.8399963378906,357.8399963378906,1025
2022-01-05,358.343994140625,358.343994140625,357.8399963378906,357.8399963378906,8
2022-01-06,358.55999755859375,358.55999755859375,357.4800109863281,357.4800109863281,53
2022-01-07,358.20001220703125,358.55999755859375,357.8399963378906,358.55999755859375,78
2022-01-10,358.20001220703125,358.55999755859375,357.8399963378906,357.8399963378906,25
2022-01-11,357.8399963378906,357.8399963378906,357.8399963378906,357.8399963378906,178
2022-01-12,357.1199951171875,357.8399963378906,357.1199951171875,357.1199951171875,28
2022-01-13,357.8399963378906,358.55999755859375,357.8399963378906,357.8399963378906,78
2022-01-14,357.8399963378906,358.16400146484375,357.8399963378906,358.0920104980469,13919
2022-01-18,357.6600036621094,357.6600036621094,357.1199951171875,357.1199951171875,11
2022-01-19,357.8399963378906,358.55999755859375,357.8399963378906,358.55999755859375,222
2022-01-20,358.3080139160156,358.9200134277344,357.8399963378906,357.8399963378906,39
2022-01-21,357.8399963378906,358.9200134277344,357.1199951171875,357.1199951171875,361
2022-01-24,357.4800109863281,358.55999755859375,357.4800109863281,358.55999755859375,86
2022-01-25,356.3999938964844,356.3999938964844,356.3999938964844,356.3999938964844,222
2022-01-26,357.4800109863281,358.52398681640625,357.4800109863281,358.52398681640625,25
2022-01-27,358.0199890136719,358.0199890136719,357.8399963378906,357.8399963378906,42
2022-01-28,357.8399963378906,357.8399963378906,356.3999938964844,356.3999938964844,378
2022-01-31,357.8399963378906,361.44000244140625,357.8399963378906,361.44000244140625,81
2022-02-01,358.20001220703125,358.20001220703125,357.4800109863281,357.4800109863281,525
2022-02-02,358.20001220703125,358.20001220703125,358.20001220703125,358.20001220703125,3
2022-02-03,358.2720031738281,358.6679992675781,358.20001220703125,358.20001220703125,161
2022-02-04,358.55999755859375,358.55999755859375,358.20001220703125,358.20001220703125,11
2022-02-07,358.9200134277344,358.9200134277344,358.9200134277344,358.9200134277344,8
2022-02-08,359.6400146484375,359.6400146484375,358.9200134277344,358.9200134277344,231
2022-02-09,358.9200134277344,359.2799987792969,358.9200134277344,359.2799987792969,139
2022-02-10,359.2799987792969,359.2799987792969,358.9200134277344,358.9200134277344,142
2022-02-11,360.0,360.0,359.6400146484375,359.6400146484375,181
2022-02-14,360.7200012207031,360.7200012207031,359.2799987792969,359.2799987792969,10569
2022-02-15,361.44000244140625,361.79998779296875,360.5400085449219,361.79998779296875,4244
2022-02-16,360.3599853515625,361.44000244140625,360.3599853515625,361.44000244140625,31
2022-02-17,361.7640075683594,361.7640075683594,360.0,360.0,6
2022-02-18,361.7640075683594,361.7640075683594,361.7640075683594,361.7640075683594,0
2022-02-22,361.44000244140625,361.79998779296875,359.6400146484375,359.6400146484375,42
2022-02-23,361.44000244140625,361.44000244140625,361.44000244140625,361.44000244140625,0
2022-02-24,361.260009765625,361.260009765625,361.260009765625,361.260009765625,6
2022-02-25,360.7200012207031,360.7200012207031,360.7200012207031,360.7200012207031,72
2022-02-28,360.7200012207031,361.44000244140625,360.7200012207031,361.44000244140625,19
2022-03-01,360.0,360.0,359.6400146484375,359.6400146484375,86
2022-03-02,360.7200012207031,360.7200012207031,360.7200012207031,360.7200012207031,142
2022-03-03,360.7200012207031,360.7200012207031,360.3599853515625,360.7200012207031,458
2022-03-04,360.8999938964844,360.8999938964844,360.8999938964844,360.8999938964844,28
2022-03-07,360.7200012207031,360.7200012207031,360.7200012207031,360.7200012207031,2372
2022-03-08,360.3599853515625,360.3599853515625,360.3599853515625,360.3599853515625,383
2022-03-09,360.8999938964844,362.5199890136719,360.3599853515625,362.5199890136719,569
2022-03-10,360.3599853515625,361.79998779296875,360.3599853515625,361.79998779296875,2781
2022-03-11,360.3599853515625,360.3599853515625,360.3599853515625,360.3599853515625,11111
2022-03-14,360.3599853515625,361.0799865722656,360.3599853515625,360.7200012207031,194
2022-03-15,360.3599853515625,361.0799865722656,360.3599853515625,360.3599853515625,5736
2022-03-16,360.3599853515625,360.3599853515625,360.3599853515625,360.3599853515625,17114
2022-03-17,360.3599853515625,360.3599853515625,360.3599853515625,360.3599853515625,0
2022-03-18,360.3599853515625,360.3599853515625,360.3599853515625,360.3599853515625,0
2022-03-21,361.1159973144531,361.1159973144531,361.1159973144531,361.1159973144531,11
2022-03-22,361.1159973144531,361.1159973144531,361.1159973144531,361.1159973144531,0
2022-03-23,361.79998779296875,361.79998779296875,361.44000244140625,361.44000244140625,7789
2022-03-24,361.79998779296875,361.79998779296875,361.79998779296875,361.79998779296875,8
2022-03-25,361.79998779296875,361.79998779296875,361.79998779296875,361.79998779296875,3
2022-03-28,361.79998779296875,361.79998779296875,361.79998779296875,361.79998779296875,0
2022-03-29,361.44000244140625,361.79998779296875,361.44000244140625,361.79998779296875,150
2022-03-30,361.79998779296875,361.79998779296875,360.3599853515625,360.3599853515625,72
2022-03-31,361.79998779296875,361.79998779296875,361.79998779296875,361.79998779296875,0
2022-04-01,361.79998779296875,361.79998779296875,361.79998779296875,361.79998779296875,0
2022-04-04,361.0799865722656,362.1600036621094,361.0799865722656,361.40399169921875,397
2022-04-05,361.0799865722656,361.0799865722656,361.0799865722656,361.0799865722656,0
2022-04-06,361.79998779296875,361.79998779296875,361.79998779296875,361.79998779296875,3
2022-04-07,361.79998779296875,361.79998779296875,361.79998779296875,361.79998779296875,0
2022-04-08,361.44000244140625,361.79998779296875,361.44000244140625,361.44000244140625,167
2022-04-11,361.44000244140625,361.44000244140625,361.44000244140625,361.44000244140625,8
2022-04-12,361.44000244140625,361.44000244140625,361.44000244140625,361.44000244140625,0
2022-04-13,361.0799865722656,361.79998779296875,361.0799865722656,361.79998779296875,114
2022-04-14,361.0799865722656,361.0799865722656,361.0799865722656,361.0799865722656,42
2022-04-18,361.0799865722656,361.0799865722656,361.0799865722656,361.0799865722656,414
2022-04-19,361.0799865722656,361.0799865722656,361.0799865722656,361.0799865722656,0
2022-04-20,361.79998779296875,361.79998779296875,361.79998779296875,361.79998779296875,11
2022-04-21,361.79998779296875,361.79998779296875,361.79998779296875,361.79998779296875,0
2022-04-22,361.44000244140625,362.5199890136719,361.44000244140625,362.5199890136719,17
2022-04-25,361.44000244140625,361.44000244140625,361.44000244140625,361.44000244140625,31
2022-04-26,361.9440002441406,361.9440002441406,361.79998779296875,361.79998779296875,28
2022-04-27,361.79998779296875,361.87200927734375,361.79998779296875,361.79998779296875,131
2022-04-28,361.79998779296875,362.1600036621094,361.79998779296875,362.1600036621094,75
2022-04-29,361.79998779296875,361.79998779296875,361.79998779296875,361.79998779296875,0
2022-05-02,361.79998779296875,361.79998779296875,361.79998779296875,361.79998779296875,92
2022-05-03,361.79998779296875,361.79998779296875,361.44000244140625,361.79998779296875,8581
2022-05-04,361.44000244140625,361.79998779296875,361.44000244140625,361.79998779296875,1578
2022-05-05,361.44000244140625,361.44000244140625,361.44000244140625,361.44000244140625,344
2022-05-06,361.44000244140625,361.79998779296875,361.44000244140625,361.79998779296875,578
2022-05-09,361.0799865722656,361.44000244140625,360.7200012207031,361.44000244140625,27214
2022-05-10,361.79998779296875,361.79998779296875,361.79998779296875,361.79998779296875,6
2022-05-11,361.0799865722656,361.0799865722656,361.0799865722656,361.0799865722656,153
2022-05-12,361.0799865722656,361.0799865722656,361.0799865722656,361.0799865722656,6
2022-05-13,361.0799865722656,361.0799865722656,361.0799865722656,361.0799865722656,11
2022-05-16,361.79998779296875,361.79998779296875,361.79998779296875,361.79998779296875,6
2022-05-17,361.79998779296875,361.79998779296875,361.79998779296875,361.79998779296875,11
2022-05-18,361.79998779296875,361.79998779296875,361.79998779296875,361.79998779296875,0
2022-05-19,361.0799865722656,361.0799865722656,361.0799865722656,361.0799865722656,11
2022-05-20,361.0799865722656,361.0799865722656,361.0799865722656,361.0799865722656,0
2022-05-23,361.0799865722656,361.0799865722656,361.0799865722656,361.0799865722656,33
2022-05-24,361.79998779296875,361.79998779296875,361.79998779296875,361.79998779296875,6
2022-05-25,362.1600036621094,362.1600036621094,361.44000244140625,361.44000244140625,8119
2022-05-26,362.1600036621094,362.1600036621094,361.79998779296875,361.79998779296875,1094
2022-05-27,361.79998779296875,361.79998779296875,361.79998779296875,361.79998779296875,17
2022-05-31,362.1600036621094,362.1600036621094,362.1600036621094,362.1600036621094,47
2022-06-01,362.1600036621094,362.1600036621094,362.1600036621094,362.1600036621094,0
2022-06-02,362.3399963378906,362.5199890136719,362.1600036621094,362.1600036621094,1389
2022-06-03,362.3399963378906,362.3399963378906,362.3399963378906,362.3399963378906,0
2022-06-06,362.3399963378906,362.3399963378906,362.3399963378906,362.3399963378906,0
2022-06-07,362.1600036621094,362.1600036621094,362.1600036621094,362.1600036621094,19
2022-06-08,362.1600036621094,362.1600036621094,362.1600036621094,362.1600036621094,342
2022-06-09,362.1600036621094,362.1600036621094,362.1600036621094,362.1600036621094,0
2022-06-10,362.5199890136719,362.5199890136719,362.5199890136719,362.5199890136719,17
2022-06-13,362.5199890136719,362.70001220703125,362.1600036621094,362.5199890136719,8872
2022-06-14,362.5199890136719,362.5199890136719,362.5199890136719,362.5199890136719,1728
2022-06-15,362.8800048828125,362.8800048828125,362.5199890136719,362.5199890136719,25
2022-06-16,362.5199890136719,362.5199890136719,362.5199890136719,362.5199890136719,17
2022-06-17,362.5199890136719,362.5199890136719,362.5199890136719,362.5199890136719,225
2022-06-21,362.5199890136719,362.5199890136719,362.5199890136719,362.5199890136719,47
2022-06-22,362.5199890136719,362.5199890136719,362.5199890136719,362.5199890136719,27781
2022-06-23,362.5199890136719,362.8800048828125,362.5199890136719,362.8800048828125,239
2022-06-24,362.5199890136719,362.5199890136719,362.5199890136719,362.5199890136719,8
2022-06-27,362.5199890136719,362.5199890136719,362.5199890136719,362.5199890136719,0
2022-06-28,362.7720031738281,362.7720031738281,362.7720031738281,362.7720031738281,6
2022-06-29,362.8800048828125,362.8800048828125,362.5199890136719,362.8800048828125,706
2022-06-30,362.5199890136719,362.5199890136719,362.5199890136719,362.5199890136719,8
2022-07-01,362.8800048828125,362.8800048828125,362.8800048828125,362.8800048828125,183
2022-07-05,362.8800048828125,363.239990234375,362.8800048828125,363.239990234375,1225
2022-07-06,363.239990234375,363.239990234375,362.8800048828125,362.8800048828125,2992
2022-07-07,362.8800048828125,362.8800048828125,362.8800048828125,362.8800048828125,39
2022-07-08,363.239990234375,363.239990234375,363.239990234375,363.239990234375,6
2022-07-11,363.6000061035156,363.6000061035156,363.239990234375,363.239990234375,33
2022-07-12,363.6000061035156,381.6000061035156,362.8800048828125,363.239990234375,14219
2022-07-13,362.8800048828125,363.9599914550781,362.5199890136719,363.05999755859375,1150
2022-07-14,362.8800048828125,362.8800048828125,362.843994140625,362.8800048828125,172
2022-07-15,367.0559997558594,367.0559997558594,362.5199890136719,362.5199890136719,69
2022-07-18,378.7200012207031,378.7200012207031,369.0,369.0,111
2022-07-19,366.1199951171875,369.0,365.07598876953125,369.0,342
2022-07-20,366.1199951171875,366.4800109863281,365.3999938964844,365.5799865722656,506
2022-07-21,366.4800109863281,367.4880065917969,366.4800109863281,367.0199890136719,328
2022-07-22,367.20001220703125,367.20001220703125,367.20001220703125,367.20001220703125,17
2022-07-25,366.4800109863281,366.4800109863281,366.4800109863281,366.4800109863281,142
2022-07-26,366.4800109863281,366.4800109863281,366.0119934082031,366.1199951171875,103
2022-07-27,366.4800109863281,366.4800109863281,366.4800109863281,366.4800109863281,25
2022-07-28,366.4800109863281,366.4800109863281,366.4800109863281,366.4800109863281,14
2022-07-29,366.4800109863281,366.4800109863281,365.760009765625,365.760009765625,89
2022-08-01,366.29998779296875,366.4800109863281,366.29998779296875,366.4800109863281,19
2022-08-02,365.760009765625,366.4800109863281,365.760009765625,366.4800109863281,36
2022-08-03,367.55999755859375,367.55999755859375,365.90399169921875,365.90399169921875,222
2022-08-04,369.0,369.0,367.20001220703125,367.55999755859375,458
2022-08-05,370.0799865722656,377.6400146484375,369.0,377.6400146484375,114
2022-08-08,370.0799865722656,370.0799865722656,369.7200012207031,369.7200012207031,44
2022-08-09,370.0799865722656,370.0799865722656,369.0,369.0,47
2022-08-10,369.3599853515625,373.1400146484375,369.3599853515625,370.0799865722656,3361
2022-08-11,369.7200012207031,370.9800109863281,369.3599853515625,369.7200012207031,444
2022-08-12,370.0799865722656,370.44000244140625,369.9360046386719,370.0799865722656,367
2022-08-15,369.7200012207031,371.70001220703125,369.0,371.70001220703125,67
2022-08-16,367.9200134277344,369.3599853515625,367.20001220703125,369.3599853515625,233
2022-08-17,367.9200134277344,367.9200134277344,367.9200134277344,367.9200134277344,0
2022-08-18,367.9200134277344,367.9200134277344,367.9200134277344,367.9200134277344,0
2022-08-19,367.9200134277344,367.9200134277344,367.9200134277344,367.9200134277344,0
2022-08-22,369.3599853515625,369.3599853515625,365.760009765625,365.760009765625,125
2022-08-23,371.8800048828125,376.20001220703125,365.760009765625,370.9800109863281,1058
2022-08-24,368.82000732421875,369.3599853515625,368.2799987792969,368.2799987792969,100
2022-08-25,375.4800109863281,375.4800109863281,375.4800109863281,375.4800109863281,8
2022-08-26,369.0,369.0,368.2799987792969,368.2799987792969,47
2022-08-29,368.2799987792969,370.79998779296875,367.20001220703125,369.5039978027344,444
2022-08-30,369.0,370.0799865722656,368.6400146484375,369.0,689
2022-08-31,378.0,403.6679992675781,349.3800048828125,365.0400085449219,2000
2022-09-01,366.947998046875,385.20001220703125,364.32000732421875,381.6000061035156,478
2022-09-02,381.9599914550781,383.0400085449219,367.20001220703125,367.20001220703125,125
2022-09-06,340.20001220703125,468.0,329.760009765625,380.1600036621094,7008
2022-09-07,243.72000122070312,270.0,201.9600067138672,238.67999267578125,6511
2022-09-08,253.8000030517578,271.9800109863281,239.39999389648438,240.47999572753906,1611
2022-09-09,219.60000610351562,254.16000366210938,217.8000030517578,252.0,1431
2022-09-12,201.60000610351562,234.0,180.72000122070312,219.60000610351562,1347
2022-09-13,215.27999877929688,325.79998779296875,156.24000549316406,199.8000030517578,47417
2022-09-14,239.39999389648438,279.0,198.0,223.55999755859375,99228
2022-09-15,231.1199951171875,255.24000549316406,210.60000610351562,241.1999969482422,13608
2022-09-16,234.0,244.44000244140625,216.36000061035156,221.0399932861328,13950
2022-09-19,258.1199951171875,274.67999267578125,220.67999267578125,233.27999877929688,40792
2022-09-20,241.9199981689453,268.20001220703125,230.0399932861328,246.9600067138672,19156
2022-09-21,228.9600067138672,240.83999633789062,222.83999633789062,238.67999267578125,12250
2022-09-22,185.75999450683594,226.4040069580078,169.1999969482422,225.36000061035156,17072
2022-09-23,162.03599548339844,172.0800018310547,154.0800018310547,169.1999969482422,7786
2022-09-26,180.0,190.8000030517578,142.9199981689453,156.9600067138672,7972
2022-09-27,150.83999633789062,185.39999389648438,144.72000122070312,177.83999633789062,18219
2022-09-28,136.8000030517578,158.39999389648438,129.9600067138672,153.0,7636
2022-09-29,126.0,136.0800018310547,113.04000091552734,133.1999969482422,7567
2022-09-30,129.9600067138672,136.25999450683594,124.55999755859375,131.75999450683594,3611
2022-10-03,122.04000091552734,128.6280059814453,113.04000091552734,124.91999816894531,3944
2022-10-04,115.91999816894531,124.55999755859375,113.04000091552734,123.12000274658203,2464
2022-10-05,227.52000427246094,229.67999267578125,167.75999450683594,191.52000427246094,1330519
2022-10-06,191.8800048828125,257.760009765625,184.32000732421875,212.75999450683594,195414
2022-10-07,170.27999877929688,182.37600708007812,165.24000549316406,174.60000610351562,20250
2022-10-10,163.8000030517578,194.0399932861328,152.27999877929688,194.0399932861328,12769
2022-10-11,179.27999877929688,179.53199768066406,157.67999267578125,157.67999267578125,8236
2022-10-12,173.52000427246094,176.0399932861328,165.9600067138672,169.1999969482422,2828
2022-10-13,170.63999938964844,179.27999877929688,155.8800048828125,165.24000549316406,4922
2022-10-14,177.1199951171875,183.60000610351562,165.60000610351562,179.27999877929688,4306
2022-10-17,164.52000427246094,183.60000610351562,162.0,177.1199951171875,2056
2022-10-18,157.67999267578125,170.4600067138672,156.9600067138672,167.0399932861328,2078
2022-10-19,151.55999755859375,159.3719940185547,151.1999969482422,158.75999450683594,1794
2022-10-20,149.39999389648438,154.76400756835938,138.9600067138672,153.21600341796875,2361
2022-10-21,141.83999633789062,154.8000030517578,138.6719970703125,154.8000030517578,1219
2022-10-24,119.5199966430664,143.3159942626953,117.0,139.32000732421875,3169
2022-10-25,117.36000061035156,126.0,115.19999694824219,117.72000122070312,1983
2022-10-26,119.16000366210938,129.24000549316406,116.63999938964844,118.44000244140625,1325
2022-10-27,115.19999694824219,122.04000091552734,115.19999694824219,122.04000091552734,1967
2022-10-28,118.80000305175781,119.16000366210938,115.55999755859375,117.0,639
2022-10-31,122.04000091552734,122.4000015258789,115.19999694824219,116.27999877929688,636
2022-11-01,119.5199966430664,121.31999969482422,116.27999877929688,120.23999786376953,956
2022-11-02,118.80000305175781,120.5999984741211,115.19999694824219,120.5999984741211,1431
2022-11-03,120.5999984741211,144.0,118.08000183105469,144.0,886
2022-11-04,126.36000061035156,133.9199981689453,118.80000305175781,128.52000427246094,1642
2022-11-07,124.19999694824219,127.9800033569336,121.31999969482422,126.0,1975
2022-11-08,133.1999969482422,138.60000610351562,121.68000030517578,121.68000030517578,3283
2022-11-09,126.72000122070312,147.24000549316406,124.91999816894531,130.67999267578125,2292
2022-11-10,122.4000015258789,137.52000427246094,116.27999877929688,126.0,4733
2022-11-11,133.55999755859375,136.8000030517578,123.12000274658203,124.91999816894531,2464
2022-11-14,136.8000030517578,140.65199279785156,126.46800231933594,131.0399932861328,981
2022-11-15,131.75999450683594,140.0399932861328,131.39999389648438,133.9199981689453,867
2022-11-16,135.0,140.39999389648438,131.39999389648438,131.39999389648438,519
2022-11-17,126.72000122070312,135.0,126.0,131.75999450683594,358
2022-11-18,128.16000366210938,129.60000610351562,126.0,126.0,461
2022-11-21,126.36000061035156,131.39999389648438,126.0,126.72000122070312,469
2022-11-22,130.32000732421875,139.67999267578125,129.60000610351562,129.60000610351562,1042
2022-11-23,129.60000610351562,136.11599731445312,126.0,126.0,286
2022-11-25,134.63999938964844,135.72000122070312,126.79199981689453,135.72000122070312,397
2022-11-28,133.9199981689453,140.0399932861328,126.0,131.75999450683594,886
2022-11-29,127.44000244140625,139.67999267578125,126.54000091552734,139.67999267578125,1592
2022-11-30,136.44000244140625,138.60000610351562,128.12399291992188,135.72000122070312,722
2022-12-01,133.55999755859375,137.8800048828125,130.32000732421875,132.83999633789062,550
2022-12-02,128.8800048828125,138.24000549316406,127.47599792480469,138.24000549316406,947
2022-12-05,154.8000030517578,162.0,132.1199951171875,138.24000549316406,3217
2022-12-06,161.63999938964844,161.63999938964844,148.32000732421875,148.32000732421875,1147
2022-12-07,161.63999938964844,161.63999938964844,153.93600463867188,157.32000732421875,786
2022-12-08,162.36000061035156,173.16000366210938,151.55999755859375,160.02000427246094,1886
2022-12-09,176.0399932861328,178.1999969482422,162.0,162.0,1311
2022-12-12,188.27999877929688,189.0,168.62399291992188,180.36000061035156,1975
2022-12-13,180.36000061035156,190.8000030517578,172.8000030517578,174.9600067138672,1136
2022-12-14,189.36000061035156,195.947998046875,178.55999755859375,189.0,1561
2022-12-15,162.72000122070312,187.16400146484375,162.36000061035156,183.60000610351562,1600
2022-12-16,172.44000244140625,189.72000122070312,160.55999755859375,168.1199951171875,8464
2022-12-19,174.60000610351562,181.8000030517578,167.39999389648438,177.47999572753906,761
2022-12-20,162.0,185.0399932861328,161.63999938964844,171.36000061035156,1053
2022-12-21,165.9600067138672,167.39999389648438,162.36000061035156,162.36000061035156,194
2022-12-22,162.36000061035156,172.44000244140625,162.0,172.44000244140625,1308
2022-12-23,156.60000610351562,165.60000610351562,156.60000610351562,162.86399841308594,467
2022-12-27,136.0800018310547,161.27999877929688,131.9040069580078,151.55999755859375,481
2022-12-28,132.47999572753906,143.63999938964844,130.67999267578125,143.63999938964844,242
2022-12-29,129.9600067138672,138.05999755859375,129.60000610351562,138.05999755859375,175
2022-12-30,134.63999938964844,136.8000030517578,129.9600067138672,131.75999450683594,639
2023-01-03,133.55999755859375,137.23199462890625,127.80000305175781,135.0,803
2023-01-04,121.68000030517578,133.1999969482422,121.31999969482422,133.1999969482422,800
2023-01-05,120.95999908447266,125.49600219726562,118.08000183105469,118.44000244140625,222
2023-01-06,123.12000274658203,131.75999450683594,117.0,119.48400115966797,558
2023-01-09,126.0,140.0399932861328,118.08000183105469,129.60000610351562,1139
2023-01-10,124.55999755859375,127.44000244140625,122.76000213623047,126.0,233
2023-01-11,122.76000213623047,135.0,120.3479995727539,120.3479995727539,514
2023-01-12,133.55999755859375,136.8000030517578,125.63999938964844,126.72000122070312,492
2023-01-13,127.80000305175781,134.5679931640625,125.63999938964844,130.32000732421875,661
2023-01-17,128.16000366210938,136.0800018310547,127.80000305175781,136.0800018310547,742
2023-01-18,125.27999877929688,135.0,123.83999633789062,129.60000610351562,369
2023-01-19,119.5199966430664,135.0,119.16000366210938,130.5,378
2023-01-20,124.19999694824219,131.0399932861328,119.5199966430664,126.86399841308594,850
2023-01-23,120.5999984741211,131.0399932861328,120.5999984741211,125.27999877929688,764
2023-01-24,128.52000427246094,132.1199951171875,126.0,126.0,317
2023-01-25,125.63999938964844,128.52000427246094,122.4000015258789,128.52000427246094,331
2023-01-26,124.91999816894531,125.63999938964844,120.05999755859375,122.76000213623047,694
2023-01-27,124.55999755859375,128.8800048828125,121.68000030517578,121.68000030517578,356
2023-01-30,126.36000061035156,128.66400146484375,121.13999938964844,126.0,533
2023-01-31,122.4000015258789,127.80000305175781,120.95999908447266,124.91999816894531,622
2023-02-01,121.68000030517578,129.24000549316406,120.5999984741211,124.55999755859375,989
2023-02-02,119.5199966430664,124.91999816894531,118.80000305175781,121.68000030517578,686
2023-02-03,127.80000305175781,135.0,121.31999969482422,125.63999938964844,1725
2023-02-06,133.9199981689453,134.27999877929688,126.0,128.16000366210938,753
2023-02-07,133.1999969482422,133.9199981689453,127.08000183105469,131.0399932861328,1053
2023-02-08,134.10000610351562,136.0800018310547,129.60000610351562,131.75999450683594,1414
2023-02-09,140.75999450683594,145.44000244140625,131.9040069580078,136.0800018310547,1422
2023-02-10,135.36000061035156,143.10000610351562,135.36000061035156,142.55999755859375,769
2023-02-13,138.24000549316406,140.0399932861328,129.60000610351562,132.83999633789062,661
2023-02-14,144.0,144.0,138.24000549316406,138.24000549316406,558
2023-02-15,140.39999389648438,147.24000549316406,140.39999389648438,143.27999877929688,339
2023-02-16,135.36000061035156,144.0,135.0,142.9199981689453,892
2023-02-17,137.16000366210938,143.63999938964844,136.8000030517578,138.60000610351562,1217
2023-02-21,136.0800018310547,139.67999267578125,129.60000610351562,136.8000030517578,869
2023-02-22,133.1999969482422,138.60000610351562,133.1999969482422,136.0800018310547,856
2023-02-23,133.55999755859375,137.8800048828125,133.1999969482422,133.1999969482422,258
2023-02-24,133.55999755859375,138.56399536132812,133.1999969482422,135.36000061035156,342
2023-02-27,135.17999267578125,137.8800048828125,133.1999969482422,133.1999969482422,644
2023-02-28,133.9199981689453,136.18800354003906,131.39999389648438,134.27999877929688,839
2023-03-01,128.52000427246094,136.6199951171875,127.80000305175781,136.0800018310547,211
2023-03-02,127.80000305175781,133.88400268554688,127.80000305175781,127.80000305175781,922
2023-03-03,128.16000366210938,132.26400756835938,122.7239990234375,126.0,764
2023-03-06,119.5199966430664,130.32000732421875,113.4000015258789,129.60000610351562,1008
2023-03-07,119.5199966430664,129.1320037841797,117.36000061035156,117.36000061035156,147
2023-03-08,117.36000061035156,122.4000015258789,116.63999938964844,122.4000015258789,419
2023-03-09,108.0,120.5999984741211,108.0,118.44000244140625,2325
2023-03-10,104.04000091552734,114.83999633789062,95.04000091552734,108.0,3853
2023-03-13,97.91999816894531,105.98400115966797,97.19999694824219,104.04000091552734,953
2023-03-14,97.55999755859375,104.61599731445312,90.72000122070312,90.72000122070312,719
2023-03-15,99.0,104.4000015258789,91.80000305175781,95.4000015258789,1136
2023-03-16,105.12000274658203,105.12000274658203,100.08000183105469,102.23999786376953,311
2023-03-17,109.08000183105469,112.31999969482422,102.95999908447266,104.4000015258789,1828
2023-03-20,107.63999938964844,111.5999984741211,104.94000244140625,111.5999984741211,633
2023-03-21,108.0,114.4800033569336,106.19999694824219,106.19999694824219,1772
2023-03-22,113.4000015258789,113.76000213623047,108.36000061035156,110.87999725341797,319
2023-03-23,109.80000305175781,115.91999816894531,108.72000122070312,115.91999816894531,792
2023-03-24,111.5999984741211,114.83999633789062,108.36000061035156,109.80000305175781,761
2023-03-27,109.80000305175781,112.31999969482422,108.36000061035156,109.69200134277344,186
2023-03-28,111.5999984741211,111.95999908447266,106.91999816894531,111.95999908447266,592
2023-03-29,106.55999755859375,112.31999969482422,104.76000213623047,106.55999755859375,1267
2023-03-30,106.91999816894531,108.0,104.76000213623047,106.55999755859375,1253
2023-03-31,107.0999984741211,108.0,104.76000213623047,107.63999938964844,683
2023-04-03,109.08000183105469,111.95999908447266,107.63999938964844,108.0,1047
2023-04-04,105.12000274658203,111.95999908447266,104.76000213623047,106.19999694824219,2600
2023-04-05,108.0,108.0,104.4000015258789,104.4000015258789,528
2023-04-06,104.76000213623047,106.34400177001953,103.5,106.19999694824219,242
2023-04-10,94.31999969482422,102.23999786376953,93.5999984741211,102.23999786376953,1675
2023-04-11,97.91999816894531,97.91999816894531,95.4000015258789,96.4800033569336,331
2023-04-12,99.0,101.16000366210938,98.63999938964844,98.63999938964844,633
2023-04-13,88.55999755859375,96.83999633789062,88.19999694824219,95.4000015258789,3108
2023-04-14,82.08000183105469,88.91999816894531,82.08000183105469,86.4000015258789,3606
2023-04-17,96.12000274658203,97.37999725341797,84.95999908447266,87.4800033569336,4606
2023-04-18,90.0,97.91999816894531,88.63200378417969,97.91999816894531,928
2023-04-19,87.12000274658203,92.48400115966797,87.12000274658203,88.91999816894531,667
2023-04-20,93.5999984741211,95.4000015258789,89.63999938964844,90.0,2881
2023-04-21,91.44000244140625,95.76000213623047,88.91999816894531,94.68000030517578,375
2023-04-24,87.83999633789062,90.36000061035156,87.83999633789062,88.91999816894531,578
2023-04-25,85.31999969482422,87.4800033569336,83.16000366210938,86.4000015258789,581
2023-04-26,82.08000183105469,84.5999984741211,80.63999938964844,84.5999984741211,508
2023-04-27,82.80000305175781,84.77999877929688,82.08000183105469,84.23999786376953,231
2023-04-28,84.5999984741211,86.04000091552734,81.0,81.9000015258789,417
2023-05-01,83.5199966430664,84.95999908447266,82.44000244140625,82.44000244140625,183
2023-05-02,87.83999633789062,88.55999755859375,80.27999877929688,82.44000244140625,1158
2023-05-03,84.5999984741211,88.19999694824219,84.5999984741211,85.68000030517578,761
2023-05-04,86.4000015258789,89.27999877929688,83.87999725341797,89.27999877929688,1206
2023-05-05,82.08000183105469,85.68000030517578,80.27999877929688,85.68000030517578,1103
2023-05-08,75.95999908447266,81.0,75.95999908447266,81.0,1969
2023-05-09,74.5199966430664,79.91999816894531,74.16000366210938,75.95999908447266,336
2023-05-10,84.5999984741211,84.5999984741211,73.5479965209961,77.4000015258789,1117
2023-05-11,83.16000366210938,91.80000305175781,83.16000366210938,86.04000091552734,4017
2023-05-12,82.44000244140625,87.12000274658203,78.12000274658203,87.12000274658203,828
2023-05-15,78.4800033569336,83.87999725341797,77.4000015258789,79.91999816894531,628
2023-05-16,74.16000366210938,79.55999755859375,72.36000061035156,79.55999755859375,1022
2023-05-17,71.63999938964844,75.23999786376953,68.76000213623047,75.23999786376953,642
2023-05-18,68.4000015258789,71.53199768066406,66.5999984741211,69.4800033569336,764
2023-05-19,62.279998779296875,68.4000015258789,61.20000076293945,66.95999908447266,2425
2023-05-22,68.4000015258789,68.4000015258789,61.59600067138672,65.16000366210938,1275
2023-05-23,64.62000274658203,72.0,62.63999938964844,71.63999938964844,2864
2023-05-24,63.720001220703125,64.80000305175781,62.279998779296875,64.44000244140625,300
2023-05-25,61.91999816894531,68.22000122070312,61.20000076293945,67.68000030517578,1300
2023-05-26,63.720001220703125,69.4800033569336,62.63999938964844,67.31999969482422,1372
2023-05-30,72.0,77.4000015258789,64.08000183105469,64.80000305175781,4600
2023-05-31,70.19999694824219,75.5999984741211,65.87999725341797,73.44000244140625,2081
2023-06-01,72.0,73.69200134277344,69.12000274658203,73.69200134277344,1739
2023-06-02,71.27999877929688,72.93599700927734,71.27999877929688,72.0,458
2023-06-05,69.12000274658203,75.5999984741211,69.12000274658203,72.0,864
2023-06-06,72.18000030517578,73.44000244140625,69.4800033569336,72.0,831
2023-06-07,71.63999938964844,73.80000305175781,69.4800033569336,73.44000244140625,225
2023-06-08,70.91999816894531,75.23999786376953,70.91999816894531,75.23999786376953,411
2023-06-09,68.04000091552734,73.80000305175781,67.68000030517578,72.0,544
2023-06-12,70.55999755859375,72.36000061035156,65.5199966430664,66.23999786376953,900
2023-06-13,77.4000015258789,81.0,71.63999938964844,71.63999938964844,708
2023-06-14,75.95999908447266,78.12000274658203,75.5999984741211,75.5999984741211,219
2023-06-15,78.6240005493164,81.0,75.5999984741211,81.0,789
2023-06-16,89.63999938964844,89.63999938964844,76.68000030517578,77.4000015258789,4933
2023-06-20,75.5999984741211,89.63999938964844,74.16000366210938,87.83999633789062,1375
2023-06-21,73.80000305175781,77.4000015258789,73.80000305175781,75.5999984741211,1647
2023-06-22,71.27999877929688,74.69999694824219,70.91999816894531,73.80000305175781,669
2023-06-23,82.80000305175781,88.19999694824219,72.72000122070312,86.04000091552734,334439
2023-06-26,65.5199966430664,75.5999984741211,60.40800094604492,75.23999786376953,24128
2023-06-27,72.72000122070312,73.80000305175781,65.16000366210938,65.16000366210938,11783
2023-06-28,73.44000244140625,74.5199966430664,70.19999694824219,72.0,3317
2023-06-29,74.5199966430664,76.68000030517578,71.63999938964844,74.5199966430664,2831
2023-06-30,74.5199966430664,77.04000091552734,72.0,75.95999908447266,2347
2023-07-03,78.83999633789062,79.37999725341797,72.0,73.08000183105469,1797
2023-07-05,77.04000091552734,80.27999877929688,74.87999725341797,80.27999877929688,1458
2023-07-06,75.95999908447266,78.12000274658203,75.23999786376953,75.5999984741211,1200
2023-07-07,73.80000305175781,78.4800033569336,73.44000244140625,75.95999908447266,3214
2023-07-10,77.4000015258789,79.19999694824219,74.16000366210938,75.95999908447266,2172
2023-07-11,76.68000030517578,79.19999694824219,74.87999725341797,79.19999694824219,528
2023-07-12,74.16000366210938,76.31999969482422,72.36000061035156,76.31999969482422,1311
2023-07-13,74.5199966430664,76.31999969482422,72.36000061035156,72.36000061035156,1200
2023-07-14,75.5999984741211,75.5999984741211,72.72000122070312,75.5999984741211,814
2023-07-17,76.68000030517578,78.83999633789062,74.33999633789062,75.5999984741211,781
2023-07-18,77.4000015258789,77.4000015258789,73.44000244140625,76.68000030517578,569
2023-07-19,77.4000015258789,77.76000213623047,75.23999786376953,77.76000213623047,658
2023-07-20,70.91999816894531,77.4000015258789,69.12000274658203,76.31999969482422,2928
2023-07-21,73.80000305175781,74.16000366210938,70.55999755859375,70.55999755859375,481
2023-07-24,75.23999786376953,75.5999984741211,72.72000122070312,73.08000183105469,475
2023-07-25,71.63999938964844,75.5999984741211,71.27999877929688,75.5999984741211,617
2023-07-26,71.27999877929688,74.16000366210938,70.19999694824219,74.16000366210938,667
2023-07-27,69.83999633789062,71.63999938964844,69.69599914550781,70.91999816894531,467
2023-07-28,73.08000183105469,75.5999984741211,70.19999694824219,70.91999816894531,1628
2023-07-31,72.0,74.16000366210938,71.42400360107422,74.16000366210938,444
2023-08-01,72.0,73.08000183105469,70.55999755859375,71.63999938964844,997
2023-08-02,70.19999694824219,73.44000244140625,69.12000274658203,71.27999877929688,997
2023-08-03,70.19999694824219,71.27999877929688,68.7239990234375,69.4800033569336,1017
2023-08-04,69.4800033569336,71.27999877929688,68.76000213623047,70.55999755859375,328
2023-08-07,68.04000091552734,71.24400329589844,68.04000091552734,68.4000015258789,656
2023-08-08,68.4000015258789,68.76000213623047,67.31999969482422,68.04000091552734,767
2023-08-09,68.76000213623047,70.19999694824219,67.31999969482422,68.4000015258789,844
2023-08-10,65.16000366210938,73.08000183105469,64.80000305175781,73.08000183105469,2183
2023-08-11,69.12000274658203,70.91999816894531,65.16000366210938,70.55999755859375,1261
2023-08-14,68.76000213623047,70.37999725341797,67.5,70.19999694824219,681
2023-08-15,68.76000213623047,68.76000213623047,65.5199966430664,67.68000030517578,436
2023-08-16,69.01200103759766,69.12000274658203,66.95999908447266,67.68000030517578,303
2023-08-17,69.4800033569336,70.37999725341797,67.68000030517578,67.68000030517578,408
2023-08-18,72.0,73.08000183105469,68.54399871826172,69.4800033569336,936
2023-08-21,69.83999633789062,72.0,68.76000213623047,72.0,444
2023-08-22,72.18000030517578,72.72000122070312,69.4800033569336,69.4800033569336,608
2023-08-23,71.63999938964844,72.0,70.19999694824219,70.91999816894531,331
2023-08-24,70.19999694824219,73.04399871826172,70.19999694824219,70.55999755859375,464
2023-08-25,72.0,72.0,70.19999694824219,72.0,519
2023-08-28,73.80000305175781,74.69999694824219,70.55999755859375,72.0,1469
2023-08-29,76.31999969482422,76.31999969482422,72.36000061035156,74.87999725341797,1197
2023-08-30,72.72000122070312,76.31999969482422,72.0,73.80000305175781,1397
2023-08-31,72.72000122070312,75.23999786376953,72.0,73.44000244140625,1364
2023-09-01,72.0,73.80000305175781,71.27999877929688,72.0,542
2023-09-05,75.5999984741211,77.04000091552734,72.9000015258789,73.80000305175781,1031
2023-09-06,74.87999725341797,77.76000213623047,73.44000244140625,77.76000213623047,575
2023-09-07,74.5199966430664,79.19999694824219,73.44000244140625,74.16000366210938,878
2023-09-08,72.72000122070312,77.22000122070312,72.72000122070312,77.04000091552734,644
2023-09-11,72.0,75.23999786376953,69.4800033569336,72.0,1892
2023-09-12,72.0,75.5999984741211,69.83999633789062,73.08000183105469,1175
2023-09-13,72.36000061035156,73.44000244140625,72.0,72.18000030517578,619
2023-09-14,72.0,83.5199966430664,66.5999984741211,81.36000061035156,211111
2023-09-15,68.76000213623047,72.36000061035156,68.4000015258789,69.12000274658203,12653
2023-09-18,69.4800033569336,70.0199966430664,68.4000015258789,68.4000015258789,4186
2023-09-19,71.27999877929688,73.08000183105469,67.68000030517578,68.04000091552734,2367
2023-09-20,71.63999938964844,72.36000061035156,69.12000274658203,70.91999816894531,1431
2023-09-21,71.27999877929688,72.36000061035156,70.19999694824219,72.36000061035156,1775
2023-09-22,68.76000213623047,70.91999816894531,68.76000213623047,70.19999694824219,1461
2023-09-25,68.76000213623047,70.19999694824219,68.04000091552734,68.4000015258789,1394
2023-09-26,68.4000015258789,69.12000274658203,67.31999969482422,67.31999969482422,2675
2023-09-27,65.16000366210938,68.76000213623047,65.16000366210938,66.95999908447266,1408
2023-09-28,63.36000061035156,65.16000366210938,62.81999969482422,64.44000244140625,842
2023-09-29,63.720001220703125,65.87999725341797,63.0,63.0,1242
2023-10-02,64.44000244140625,64.44000244140625,61.91999816894531,64.08000183105469,1053
2023-10-03,66.23999786376953,66.23999786376953,62.63999938964844,64.80000305175781,1236
2023-10-04,68.04000091552734,68.04000091552734,63.36000061035156,64.44000244140625,1769
2023-10-05,70.19999694824219,70.91999816894531,64.83599853515625,68.04000091552734,3219
2023-10-06,68.04000091552734,68.76000213623047,67.31999969482422,68.76000213623047,492
2023-10-09,68.76000213623047,68.76000213623047,64.80000305175781,68.76000213623047,814
2023-10-10,68.4000015258789,70.19999694824219,65.87999725341797,70.19999694824219,519
2023-10-11,64.44000244140625,68.04000091552734,64.44000244140625,65.16000366210938,1561
2023-10-12,65.5199966430664,68.76000213623047,64.08000183105469,64.08000183105469,253
2023-10-13,66.23999786376953,68.11199951171875,63.36000061035156,65.16000366210938,200
2023-10-16,67.31999969482422,68.04000091552734,64.80000305175781,64.80000305175781,403
2023-10-17,64.08000183105469,67.68000030517578,64.08000183105469,65.87999725341797,592
2023-10-18,65.447998046875,66.23999786376953,64.08000183105469,64.08000183105469,167
2023-10-19,65.5199966430664,66.5999984741211,64.44000244140625,64.44000244140625,142
2023-10-20,64.80000305175781,66.23999786376953,63.36000061035156,63.36000061035156,561
2023-10-23,66.23999786376953,66.5999984741211,62.63999938964844,63.36000061035156,697
2023-10-24,65.87999725341797,66.5999984741211,63.36000061035156,65.16000366210938,511
2023-10-25,63.14400100708008,65.87999725341797,63.108001708984375,63.36000061035156,611
2023-10-26,65.16000366210938,65.5199966430664,63.0,63.0,700
2023-10-27,66.95999908447266,68.04000091552734,64.80000305175781,64.80000305175781,272
2023-10-30,68.4000015258789,68.76000213623047,66.02400207519531,66.5999984741211,411
2023-10-31,65.5199966430664,69.12000274658203,65.5199966430664,66.23999786376953,669
2023-11-01,68.4000015258789,68.4000015258789,65.16000366210938,65.16000366210938,364
2023-11-02,68.11199951171875,69.83999633789062,65.84400177001953,68.04000091552734,542
2023-11-03,64.80000305175781,67.31999969482422,64.80000305175781,66.70800018310547,1125
2023-11-06,64.80000305175781,66.5999984741211,64.44000244140625,64.44000244140625,550
2023-11-07,64.08000183105469,68.36399841308594,63.900001525878906,64.44000244140625,731
2023-11-08,64.44000244140625,65.87999725341797,63.0,63.0,647
2023-11-09,64.80000305175781,65.87999725341797,62.67599868774414,64.44000244140625,517
2023-11-10,63.0,65.5199966430664,62.63999938964844,64.44000244140625,350
2023-11-13,64.44000244140625,65.55599975585938,61.91999816894531,65.55599975585938,739
2023-11-14,64.08000183105469,65.87999725341797,62.63999938964844,65.5199966430664,508
2023-11-15,59.7599983215332,65.33999633789062,59.7599983215332,62.279998779296875,1525
2023-11-16,58.31999969482422,62.928001403808594,58.31999969482422,60.119998931884766,586
2023-11-17,58.31999969482422,60.84000015258789,58.31999969482422,58.31999969482422,292
2023-11-20,59.7599983215332,60.84000015258789,58.31999969482422,58.31999969482422,292
2023-11-21,59.400001525878906,60.84000015258789,58.68000030517578,60.119998931884766,436
2023-11-22,60.04800033569336,61.91999816894531,58.31999969482422,58.31999969482422,331
2023-11-24,60.119998931884766,61.91999816894531,59.7599983215332,60.119998931884766,794
2023-11-27,57.599998474121094,61.91999816894531,57.599998474121094,61.91999816894531,986
2023-11-28,58.68000030517578,60.47999954223633,57.599998474121094,57.959999084472656,461
2023-11-29,53.279998779296875,59.7599983215332,52.20000076293945,59.7599983215332,1894
2023-11-30,48.599998474121094,52.91999816894531,47.52000045776367,52.560001373291016,697
2023-12-01,39.599998474121094,51.47999954223633,36.720001220703125,51.47999954223633,3314
2023-12-04,41.400001525878906,45.720001220703125,39.779998779296875,45.0,4458
2023-12-05,39.2400016784668,42.47999954223633,38.52000045776367,41.400001525878906,1553
2023-12-06,35.279998779296875,39.41999816894531,34.52399826049805,38.880001068115234,2956
2023-12-07,35.279998779296875,37.439998626708984,35.279998779296875,37.08000183105469,1322
2023-12-08,33.47999954223633,36.0,32.7599983215332,36.0,2469
2023-12-11,28.260000228881836,33.624000549316406,27.395999908447266,33.624000549316406,4814
2023-12-12,27.360000610351562,29.520000457763672,25.920000076293945,28.799999237060547,2256
2023-12-13,26.423999786376953,27.648000717163086,26.351999282836914,26.351999282836914,1103
2023-12-14,27.360000610351562,29.052000045776367,26.81999969482422,27.035999298095703,1383
2023-12-15,26.13599967956543,28.440000534057617,26.13599967956543,27.719999313354492,1697
2023-12-18,26.604000091552734,28.799999237060547,25.200000762939453,25.200000762939453,3150
2023-12-19,26.92799949645996,28.6200008392334,25.847999572753906,26.639999389648438,7322
2023-12-20,25.416000366210938,27.288000106811523,25.416000366210938,27.0,4717
2023-12-21,26.496000289916992,27.972000122070312,25.416000366210938,25.559999465942383,7292
2023-12-22,26.459999084472656,27.468000411987305,26.20800018310547,26.639999389648438,5244
2023-12-26,25.59600067138672,28.763999938964844,25.200000762939453,28.6560001373291,9508
2023-12-27,26.964000701904297,27.360000610351562,25.45199966430664,25.920000076293945,17794
2023-12-28,25.559999465942383,28.368000030517578,25.200000762939453,27.540000915527344,16511
2023-12-29,24.408000946044922,26.639999389648438,21.131999969482422,25.920000076293945,20203
2024-01-02,21.384000778198242,25.236000061035156,20.8799991607666,24.84000015258789,18764
2024-01-03,18.0,21.923999786376953,17.280000686645508,21.384000778198242,22086
2024-01-04,19.332000732421875,19.763999938964844,15.227999687194824,17.639999389648438,33911
2024-01-05,17.676000595092773,19.368000030517578,17.280000686645508,19.368000030517578,14944
2024-01-08,13.248000144958496,17.351999282836914,12.63599967956543,17.280000686645508,33950
2024-01-09,10.54800033569336,13.175999641418457,10.079999923706055,12.85200023651123,33383
2024-01-10,18.827999114990234,23.79599952697754,13.031999588012695,14.399999618530273,3135700
2024-01-11,19.152000427246094,20.34000015258789,17.38800048828125,18.827999114990234,226181
2024-01-12,18.972000122070312,19.72800064086914,16.631999969482422,19.72800064086914,81550
2024-01-16,16.559999465942383,18.719999313354492,15.588000297546387,18.0,36306
2024-01-17,14.616000175476074,16.055999755859375,13.284000396728516,15.65999984741211,24467
2024-01-18,13.644000053405762,14.36400032043457,12.85200023651123,14.184000015258789,18397
2024-01-19,13.895999908447266,14.220000267028809,12.67199993133545,13.859999656677246,14017
2024-01-22,14.435999870300293,15.479999542236328,12.600000381469727,14.039999961853027,11592
2024-01-23,15.263999938964844,16.200000762939453,14.435999870300293,15.119999885559082,10033
2024-01-24,16.95599937438965,17.100000381469727,15.479999542236328,15.984000205993652,9856
2024-01-25,16.200000762939453,17.06399917602539,15.947999954223633,17.06399917602539,7528
2024-01-26,16.128000259399414,17.13599967956543,15.947999954223633,16.775999069213867,9850
2024-01-29,15.479999542236328,16.128000259399414,14.831999778747559,16.128000259399414,3339
2024-01-30,16.52400016784668,16.920000076293945,14.9399995803833,15.479999542236328,6861
2024-01-31,15.696000099182129,16.667999267578125,15.192000389099121,15.479999542236328,5061
2024-02-01,15.65999984741211,15.732000350952148,15.192000389099121,15.732000350952148,3128
2024-02-02,15.227999687194824,16.091999053955078,15.192000389099121,15.767999649047852,3203
2024-02-05,12.63599967956543,15.119999885559082,12.239999771118164,15.119999885559082,15583
2024-02-06,11.37600040435791,13.175999641418457,11.12399959564209,12.600000381469727,9308
2024-02-07,12.0600004196167,12.168000221252441,11.520000457763672,11.520000457763672,12933
2024-02-08,12.491999626159668,12.564000129699707,11.699999809265137,11.699999809265137,9058
2024-02-09,11.555999755859375,12.456000328063965,11.34000015258789,12.095999717712402,6653
2024-02-12,10.800000190734863,11.880000114440918,10.656000137329102,11.555999755859375,7956
2024-02-13,10.152000427246094,10.800000190734863,9.899999618530273,10.800000190734863,9497
2024-02-14,10.907999992370605,11.12399959564209,10.4399995803833,10.656000137329102,7381
2024-02-15,10.51200008392334,11.15999984741211,10.4399995803833,10.763999938964844,6469
2024-02-16,10.152000427246094,10.619999885559082,9.720000267028809,10.51200008392334,7736
2024-02-20,10.763999938964844,10.800000190734863,10.116000175476074,10.763999938964844,6661
2024-02-21,10.692000389099121,11.34000015258789,10.404000282287598,10.4399995803833,5936
2024-02-22,10.079999923706055,11.088000297546387,9.755999565124512,10.656000137329102,11525
2024-02-23,9.539999961853027,10.043999671936035,9.144000053405762,9.720000267028809,6875
2024-02-26,10.763999938964844,10.800000190734863,9.64799976348877,9.899999618530273,10364
2024-02-27,11.015999794006348,11.880000114440918,10.368000030517578,10.763999938964844,22317
2024-02-28,12.600000381469727,15.65999984741211,11.736000061035156,15.515999794006348,1452228
2024-02-29,10.079999923706055,11.520000457763672,9.972000122070312,11.15999984741211,122464
2024-03-01,10.583999633789062,10.944000244140625,9.0,9.432000160217285,74167
2024-03-04,9.684000015258789,10.692000389099121,9.359999656677246,10.692000389099121,24975
2024-03-05,9.0,10.008000373840332,8.640000343322754,9.468000411987305,37950
2024-03-06,9.539999961853027,9.539999961853027,8.748000144958496,8.928000450134277,28086
2024-03-07,9.215999603271484,9.972000122070312,9.107999801635742,9.972000122070312,20750
2024-03-08,8.748000144958496,9.503999710083008,8.675999641418457,9.503999710083008,22594
2024-03-11,8.531999588012695,8.928000450134277,8.35200023651123,8.567999839782715,21311
2024-03-12,6.696000099182129,8.279999732971191,6.4079999923706055,8.208000183105469,72364
2024-03-13,7.199999809265137,7.5960001945495605,6.480000019073486,6.480000019073486,25633
2024-03-14,9.0,10.404000282287598,7.199999809265137,7.199999809265137,191242
2024-03-15,8.567999839782715,9.359999656677246,8.279999732971191,8.784000396728516,29672
2024-03-18,8.460000038146973,9.107999801635742,8.35200023651123,8.928000450134277,11628
2024-03-19,8.819999694824219,9.86400032043457,8.387999534606934,8.460000038146973,15619
2024-03-20,8.496000289916992,9.107999801635742,7.955999851226807,9.0,13278
2024-03-21,8.496000289916992,9.0,8.13599967956543,8.244000434875488,8989
2024-03-22,9.359999656677246,9.359999656677246,8.13599967956543,8.315999984741211,18608
2024-03-25,9.180000305175781,9.468000411987305,8.279999732971191,9.468000411987305,10797
2024-03-26,9.576000213623047,9.720000267028809,8.784000396728516,9.180000305175781,11083
2024-03-27,10.116000175476074,10.295999526977539,9.539999961853027,9.86400032043457,12944
2024-03-28,11.520000457763672,13.284000396728516,10.079999923706055,10.079999923706055,74253
2024-04-01,10.583999633789062,11.699999809265137,9.82800006866455,11.699999809265137,28014
2024-04-02,10.727999687194824,11.484000205993652,10.079999923706055,11.34000015258789,9647
2024-04-03,10.4399995803833,11.411999702453613,10.079999923706055,10.404000282287598,13706
2024-04-04,10.079999923706055,10.800000190734863,9.82800006866455,10.800000190734863,8342
2024-04-05,9.64799976348877,10.152000427246094,9.503999710083008,10.079999923706055,9422
2024-04-08,9.395999908447266,10.404000282287598,8.819999694824219,9.720000267028809,109117
2024-04-09,9.215999603271484,9.539999961853027,8.819999694824219,9.359999656677246,24611
2024-04-10,8.13599967956543,8.784000396728516,7.559999942779541,8.640000343322754,33997
2024-04-11,7.920000076293945,9.0,7.776000022888184,7.811999797821045,22847
2024-04-12,8.208000183105469,8.496000289916992,7.883999824523926,7.920000076293945,16097
2024-04-15,8.208000183105469,8.279999732971191,7.8480000495910645,7.955999851226807,13328
2024-04-16,7.739999771118164,8.279999732971191,7.199999809265137,8.244000434875488,11142
2024-04-17,7.955999851226807,8.100000381469727,7.199999809265137,7.199999809265137,9547
2024-04-18,8.100000381469727,8.100000381469727,7.380000114440918,7.920000076293945,12778
2024-04-19,7.739999771118164,8.100000381469727,7.380000114440918,7.920000076293945,6303
2024-04-22,7.236000061035156,7.920000076293945,7.236000061035156,7.559999942779541,6092
2024-04-23,7.199999809265137,7.559999942779541,7.019999980926514,7.271999835968018,4958
2024-04-24,6.875999927520752,7.380000114440918,6.5879998207092285,7.056000232696533,8169
2024-04-25,7.199999809265137,7.308000087738037,6.875999927520752,7.308000087738037,2947
2024-04-26,6.840000152587891,7.380000114440918,6.659999847412109,7.380000114440918,7467
2024-04-29,7.199999809265137,7.199999809265137,6.840000152587891,7.056000232696533,4272
2024-04-30,7.48799991607666,8.208000183105469,6.9120001792907715,7.127999782562256,17828
2024-05-01,6.984000205993652,7.52400016784668,6.947999954223633,7.415999889373779,4989
2024-05-02,6.947999954223633,7.452000141143799,6.76800012588501,7.452000141143799,7181
2024-05-03,6.76800012588501,7.164000034332275,6.76800012588501,7.164000034332275,10033
2024-05-06,6.4079999923706055,7.056000232696533,6.4079999923706055,6.840000152587891,22364
2024-05-07,6.119999885559082,6.552000045776367,5.868000030517578,6.228000164031982,18503
2024-05-08,5.831999778747559,6.552000045776367,5.688000202178955,6.480000019073486,16233
2024-05-09,5.723999977111816,5.868000030517578,5.616000175476074,5.831999778747559,13006
2024-05-10,5.291999816894531,6.01200008392334,5.21999979019165,5.9039998054504395,16178
2024-05-13,4.860000133514404,6.696000099182129,4.716000080108643,6.696000099182129,881206
2024-05-14,6.047999858856201,6.084000110626221,4.392000198364258,4.860000133514404,705714
2024-05-15,5.760000228881836,5.940000057220459,5.039999961853027,5.507999897003174,320364
2024-05-16,6.76800012588501,8.675999641418457,5.760000228881836,5.760000228881836,1064511
2024-05-17,6.803999900817871,8.13599967956543,5.688000202178955,7.308000087738037,589286
2024-05-20,5.6519999504089355,6.515999794006348,5.1479997634887695,6.515999794006348,253497
2024-05-21,5.004000186920166,5.400000095367432,4.860000133514404,5.400000095367432,165078
2024-05-22,5.004000186920166,5.579999923706055,4.679999828338623,5.076000213623047,115967
2024-05-23,5.21999979019165,5.4720001220703125,4.860000133514404,5.184000015258789,168119
2024-05-24,5.831999778747559,6.480000019073486,5.1479997634887695,5.400000095367432,872511
2024-05-28,5.579999923706055,6.119999885559082,4.895999908447266,5.400000095367432,570772
2024-05-29,5.760000228881836,5.868000030517578,5.25600004196167,5.760000228881836,294722
2024-05-30,4.932000160217285,5.544000148773193,4.895999908447266,5.507999897003174,258333
2024-05-31,4.895999908447266,5.184000015258789,4.644000053405762,5.039999961853027,204625
2024-06-03,4.644000053405762,4.895999908447266,4.427999973297119,4.788000106811523,137528
2024-06-04,4.139999866485596,4.751999855041504,4.139999866485596,4.607999801635742,203569
2024-06-05,4.9679999351501465,5.760000228881836,3.9600000381469727,4.104000091552734,3030586
2024-06-06,6.119999885559082,7.776000022888184,5.076000213623047,7.0920000076293945,6613792
2024-06-07,5.579999923706055,6.4079999923706055,5.076000213623047,6.263999938964844,1189700
2024-06-10,8.315999984741211,9.86400032043457,5.760000228881836,6.228000164031982,6615264
2024-06-11,9.720000267028809,14.868000030517578,8.35200023651123,12.491999626159668,15243700
2024-06-12,6.984000205993652,8.100000381469727,6.5879998207092285,7.811999797821045,1970575
2024-06-13,5.796000003814697,6.9120001792907715,5.6519999504089355,6.480000019073486,1024456
2024-06-14,6.9120001792907715,9.0,6.228000164031982,7.019999980926514,4606414
2024-06-17,6.73199987411499,7.164000034332275,6.191999912261963,6.9120001792907715,760647
2024-06-18,5.291999816894531,6.228000164031982,5.25600004196167,6.119999885559082,738628
2024-06-20,4.9679999351501465,5.544000148773193,4.751999855041504,5.4720001220703125,386464
2024-06-21,4.860000133514404,5.039999961853027,4.607999801635742,5.039999961853027,259219
2024-06-24,4.535999774932861,4.751999855041504,4.392000198364258,4.751999855041504,310814
2024-06-25,4.679999828338623,4.823999881744385,4.392000198364258,4.679999828338623,256933
2024-06-26,5.328000068664551,5.6519999504089355,4.644000053405762,4.644000053405762,907883
2024-06-27,5.328000068664551,5.435999870300293,5.039999961853027,5.25600004196167,385044
2024-06-28,4.895999908447266,5.184000015258789,4.860000133514404,5.184000015258789,194728
2024-07-01,4.895999908447266,5.004000186920166,4.679999828338623,5.004000186920166,174308
2024-07-02,4.679999828338623,4.860000133514404,4.679999828338623,4.860000133514404,141764
2024-07-03,4.823999881744385,4.895999908447266,4.644000053405762,4.679999828338623,94581
2024-07-05,4.679999828338623,4.860000133514404,4.644000053405762,4.823999881744385,118469
2024-07-08,4.644000053405762,4.788000106811523,4.607999801635742,4.679999828338623,166214
2024-07-09,4.679999828338623,4.716000080108643,4.5,4.607999801635742,116458
2024-07-10,4.572000026702881,4.679999828338623,4.535999774932861,4.607999801635742,108381
2024-07-11,4.788000106811523,5.039999961853027,4.572000026702881,4.644000053405762,224203
2024-07-12,4.716000080108643,4.788000106811523,4.644000053405762,4.751999855041504,98694
2024-07-15,4.679999828338623,4.895999908447266,4.607999801635742,4.716000080108643,88589
2024-07-16,4.679999828338623,4.860000133514404,4.644000053405762,4.679999828338623,80008
2024-07-17,4.679999828338623,4.788000106811523,4.644000053405762,4.716000080108643,86269
2024-07-18,4.644000053405762,6.119999885559082,4.320000171661377,4.860000133514404,2290725
2024-07-19,3.3480000495910645,3.7079999446868896,3.059999942779541,3.7079999446868896,789789
2024-07-22,3.240000009536743,3.312000036239624,2.880000114440918,3.240000009536743,577342
2024-07-23,3.2699999809265137,3.359999895095825,2.6500000953674316,3.109999895095825,680100
2024-07-24,3.6500000953674316,3.799999952316284,3.200000047683716,3.369999885559082,963000
2024-07-25,3.240000009536743,3.440000057220459,3.0299999713897705,3.4000000953674316,346000
2024-07-26,3.3399999141693115,4.699999809265137,3.299999952316284,3.490000009536743,5342500
2024-07-29,3.7899999618530273,4.09499979019165,3.299999952316284,3.299999952316284,1685400
2024-07-30,3.4800000190734863,4.0,3.430000066757202,3.8299999237060547,897100
2024-07-31,3.190000057220459,3.4800000190734863,3.1600000858306885,3.4800000190734863,363700
2024-08-01,3.0399999618530273,3.239000082015991,2.9100000858306885,3.200000047683716,301400
2024-08-02,2.759999990463257,2.950000047683716,2.680000066757202,2.950000047683716,212100
2024-08-05,2.2100000381469727,2.359999895095825,2.0999999046325684,2.3499999046325684,490300
2024-08-06,2.2200000286102295,2.3510000705718994,2.119999885559082,2.3499999046325684,372500
2024-08-07,1.809999942779541,2.299999952316284,1.7999999523162842,2.2799999713897705,334500
2024-08-08,1.9199999570846558,2.072000026702881,1.8700000047683716,1.8899999856948853,230400
2024-08-09,2.2899999618530273,2.6500000953674316,2.0999999046325684,2.609999895095825,24228100
2024-08-12,2.5799999237060547,2.680000066757202,2.299999952316284,2.299999952316284,2044800
2024-08-13,2.5199999809265137,2.630000114440918,2.2200000286102295,2.3399999141693115,735700
2024-08-14,2.0799999237060547,2.2899999618530273,1.9299999475479126,1.9900000095367432,685000
2024-08-15,1.9600000381469727,2.0480000972747803,1.9299999475479126,2.009999990463257,364700
2024-08-16,2.109999895095825,2.1600000858306885,1.909999966621399,1.9600000381469727,273200
2024-08-19,2.2100000381469727,2.2300000190734863,2.009999990463257,2.180000066757202,357400
2024-08-20,2.190000057220459,2.2100000381469727,2.0199999809265137,2.109999895095825,295600
2024-08-21,1.9900000095367432,2.140000104904175,1.9600000381469727,2.0299999713897705,287300
2024-08-22,1.9800000190734863,2.0299999713897705,1.9600000381469727,2.0,161700
2024-08-23,2.0999999046325684,2.140000104904175,1.9600000381469727,1.9800000190734863,350300
2024-08-26,2.049999952316284,2.140000104904175,1.9500000476837158,2.0999999046325684,308400
2024-08-27,1.899999976158142,2.069999933242798,1.8899999856948853,2.049999952316284,304300
2024-08-28,1.7200000286102295,1.9500000476837158,1.7100000381469727,1.9500000476837158,247800
2024-08-29,1.8200000524520874,1.8700000047683716,1.6699999570846558,1.7300000190734863,155100
2024-08-30,1.7699999809265137,1.8799999952316284,1.7400000095367432,1.8799999952316284,75300
2024-09-03,1.659999966621399,1.8300000429153442,1.6100000143051147,1.8300000429153442,181300
2024-09-04,1.4900000095367432,1.659999966621399,1.4700000286102295,1.659999966621399,202900
2024-09-05,1.4199999570846558,1.5199999809265137,1.3200000524520874,1.4600000381469727,170600
2024-09-06,1.3700000047683716,1.4559999704360962,1.350000023841858,1.4500000476837158,116200
2024-09-09,1.3899999856948853,1.6299999952316284,1.350000023841858,1.350000023841858,360100
2024-09-10,1.350000023841858,1.4199999570846558,1.2400000095367432,1.4199999570846558,207500
2024-09-11,1.4199999570846558,1.4500000476837158,1.350000023841858,1.3600000143051147,160600
2024-09-12,1.5399999618530273,1.5700000524520874,1.3899999856948853,1.4500000476837158,191200
2024-09-13,1.6399999856948853,1.659999966621399,1.5299999713897705,1.5499999523162842,153800
2024-09-16,1.7100000381469727,1.75,1.5399999618530273,1.6699999570846558,140800
2024-09-17,1.5499999523162842,1.75,1.5499999523162842,1.7100000381469727,416800
2024-09-18,1.6100000143051147,1.6699999570846558,1.4299999475479126,1.5199999809265137,243100
2024-09-19,1.690000057220459,1.690000057220459,1.5800000429153442,1.659999966621399,442900
2024-09-20,1.559999942779541,1.649999976158142,1.5,1.5700000524520874,301100
2024-09-23,1.5099999904632568,1.5499999523162842,1.4600000381469727,1.5499999523162842,107900
2024-09-24,1.5199999809265137,1.5299999713897705,1.4700000286102295,1.5099999904632568,115400
2024-09-25,1.4700000286102295,1.5399999618530273,1.4500000476837158,1.5399999618530273,83700
2024-09-26,1.4600000381469727,1.5199999809265137,1.440000057220459,1.5,134300
2024-09-27,1.4199999570846558,1.4639999866485596,1.315000057220459,1.4600000381469727,243500
2024-09-30,1.409999966621399,1.5010000467300415,1.3799999952316284,1.4199999570846558,256500
2024-10-01,1.4700000286102295,1.5,1.3869999647140503,1.4299999475479126,143700
2024-10-02,1.3550000190734863,1.4600000381469727,1.340000033378601,1.4500000476837158,140700
2024-10-03,1.3899999856948853,1.4190000295639038,1.3600000143051147,1.3700000047683716,81300
2024-10-04,1.409999966621399,1.4229999780654907,1.3890000581741333,1.409999966621399,85100
2024-10-07,1.340000033378601,1.409999966621399,1.3300000429153442,1.409999966621399,92700
2024-10-08,1.2599999904632568,1.3450000286102295,1.2400000095367432,1.340000033378601,179500
2024-10-09,1.25,1.2699999809265137,1.2100000381469727,1.2699999809265137,131900
2024-10-10,1.2400000095367432,1.2569999694824219,1.2100000381469727,1.25,97900
2024-10-11,1.2899999618530273,1.340000033378601,1.2100000381469727,1.25,161000
2024-10-14,1.3600000143051147,1.399999976158142,1.2699999809265137,1.2699999809265137,110300
2024-10-15,1.3300000429153442,1.3899999856948853,1.2999999523162842,1.3899999856948853,48300
2024-10-16,1.3600000143051147,1.3899999856948853,1.309999942779541,1.3300000429153442,56700
2024-10-17,1.3300000429153442,1.3799999952316284,1.3300000429153442,1.3799999952316284,44000
2024-10-18,1.4199999570846558,1.4390000104904175,1.3450000286102295,1.350000023841858,69300
2024-10-21,1.4299999475479126,1.4500000476837158,1.4199999570846558,1.440000057220459,46900
2024-10-22,1.350000023841858,1.440000057220459,1.3300000429153442,1.440000057220459,69900
2024-10-23,1.3700000047683716,1.4199999570846558,1.350000023841858,1.3799999952316284,61400
2024-10-24,1.3300000429153442,1.399999976158142,1.2699999809265137,1.3799999952316284,89200
2024-10-25,1.3600000143051147,1.3799999952316284,1.3250000476837158,1.3300000429153442,57400
2024-10-28,1.399999976158142,1.409999966621399,1.3200000524520874,1.399999976158142,119400
2024-10-29,1.399999976158142,1.4149999618530273,1.340999960899353,1.3700000047683716,50400
2024-10-30,1.3700000047683716,1.399999976158142,1.3300000429153442,1.399999976158142,40200
2024-10-31,1.3700000047683716,1.3799999952316284,1.340000033378601,1.350000023841858,66200
2024-11-01,1.3200000524520874,1.375,1.2899999618530273,1.3700000047683716,49300
2024-11-04,1.2300000190734863,1.340000033378601,1.2200000286102295,1.340000033378601,125200
2024-11-05,1.4199999570846558,1.4500000476837158,1.190000057220459,1.309999942779541,1748600
2024-11-06,1.2899999618530273,1.350000023841858,1.2400000095367432,1.350000023841858,271300
2024-11-07,1.3200000524520874,1.3300000429153442,1.2000000476837158,1.25,232600
2024-11-08,1.2999999523162842,1.3200000524520874,1.2109999656677246,1.3200000524520874,165300
2024-11-11,1.3300000429153442,1.350000023841858,1.25,1.2999999523162842,190300
2024-11-12,1.2999999523162842,1.3600000143051147,1.2300000190734863,1.350000023841858,346500
2024-11-13,1.1349999904632568,1.2699999809265137,1.1100000143051147,1.2400000095367432,586300
2024-11-14,1.0299999713897705,1.159999966621399,1.0,1.159999966621399,301800
2024-11-15,0.9509999752044678,1.0199999809265137,0.9330000281333923,1.0099999904632568,204500
2024-11-18,0.9160000085830688,0.9599999785423279,0.847000002861023,0.953000009059906,134000
2024-11-19,0.9100000262260437,0.949999988079071,0.9100000262260437,0.9100000262260437,460100
2024-11-20,1.090000033378601,1.1100000143051147,0.9649999737739563,1.090000033378601,37170000
2024-11-21,1.059999942779541,1.100000023841858,0.8999999761581421,0.9599999785423279,1603400
2024-11-22,1.059999942779541,1.100000023841858,1.0099999904632568,1.0499999523162842,901800
2024-11-25,0.8930000066757202,1.059999942779541,0.8659999966621399,1.0499999523162842,888800
2024-11-26,1.0199999809265137,1.100000023841858,0.8899999856948853,0.8989999890327454,1229800
2024-11-27,1.1200000047683716,1.159999966621399,0.9850000143051147,1.0099999904632568,1804800
2024-11-29,1.2100000381469727,1.2200000286102295,1.0800000429153442,1.125,805000
2024-12-02,1.1200000047683716,1.2400000095367432,1.100000023841858,1.2200000286102295,3221800
2024-12-03,1.149999976158142,1.25,0.9649999737739563,1.1200000047683716,8285700
2024-12-04,1.1299999952316284,1.159999966621399,1.059999942779541,1.100000023841858,1208600
2024-12-05,1.0700000524520874,1.1399999856948853,1.0,1.0800000429153442,687200
2024-12-06,1.1100000143051147,1.1299999952316284,1.0499999523162842,1.0800000429153442,371900
2024-12-09,1.0800000429153442,1.149999976158142,1.0,1.0800000429153442,1027400
2024-12-10,1.0399999618530273,1.1349999904632568,1.0299999713897705,1.0700000524520874,544700
2024-12-11,1.0399999618530273,1.0700000524520874,1.0,1.059999942779541,604600
2024-12-12,1.0099999904632568,1.0700000524520874,0.9900000095367432,1.0399999618530273,338400
2024-12-13,0.9919999837875366,1.0199999809265137,0.9700000286102295,1.0099999904632568,203600
2024-12-16,1.0299999713897705,1.0800000429153442,0.9700000286102295,0.9800000190734863,633200
2024-12-17,0.9789999723434448,1.0499999523162842,0.9459999799728394,1.0399999618530273,1087800
2024-12-18,0.9129999876022339,1.0099999904632568,0.9100000262260437,1.0099999904632568,668600
2024-12-19,0.8610000014305115,0.9359999895095825,0.8569999933242798,0.9309999942779541,411800
2024-12-20,0.9100000262260437,0.9800000190734863,0.8209999799728394,0.875,447900
2024-12-23,1.0199999809265137,1.0499999523162842,0.949999988079071,0.949999988079071,1332500
2024-12-24,1.1399999856948853,1.149999976158142,1.0,1.0700000524520874,754200
2024-12-26,1.7799999713897705,1.7999999523162842,1.1449999809265137,1.149999976158142,12099400
2024-12-27,2.1600000858306885,2.6700000762939453,1.840000033378601,2.2100000381469727,15906000
2024-12-30,2.109999895095825,2.619999885559082,1.649999976158142,1.840000033378601,6929600
2024-12-31,1.5499999523162842,2.109999895095825,1.5,2.049999952316284,3531400
2025-01-02,1.590000033378601,1.75,1.5,1.6699999570846558,1876800
2025-01-03,3.799999952316284,3.950000047683716,1.5099999904632568,1.6200000047683716,104799200
2025-01-06,4.860000133514404,6.039999961853027,4.179999828338623,6.03000020980835,50215800
2025-01-07,4.179999828338623,4.800000190734863,3.930000066757202,4.349999904632568,8221700
2025-01-08,2.9200000762939453,4.050000190734863,2.7200000286102295,3.880000114440918,8232500
2025-01-10,3.0799999237060547,4.099999904632568,3.0799999237060547,3.140000104904175,12496800
2025-01-13,2.069999933242798,2.8399999141693115,2.0,2.8299999237060547,5190000
2025-01-14,1.9800000190734863,2.9000000953674316,1.909999966621399,2.4200000762939453,17663600
2025-01-15,3.0999999046325684,3.440000057220459,2.0999999046325684,2.2100000381469727,61553000
2025-01-16,2.2200000286102295,2.700000047683716,2.200000047683716,2.6600000858306885,18419200
2025-01-17,2.259999990463257,2.559999942779541,2.180000066757202,2.4700000286102295,8159200
2025-01-21,2.130000114440918,2.390000104904175,2.005000114440918,2.380000114440918,7611700
2025-01-22,2.1600000858306885,2.4000000953674316,2.075000047683716,2.109999895095825,9248600
2025-01-23,2.0,2.180000066757202,1.9700000286102295,2.1600000858306885,6433500
2025-01-24,1.9800000190734863,2.200000047683716,1.9600000381469727,2.0,6967200
2025-01-27,1.7999999523162842,1.9500000476837158,1.7400000095367432,1.850000023841858,4930900
2025-01-28,1.7599999904632568,1.850000023841858,1.6490000486373901,1.8300000429153442,3079400
2025-01-29,1.75,1.809999942779541,1.7000000476837158,1.75,1807000
2025-01-30,1.559999942779541,1.7899999618530273,1.5199999809265137,1.7899999618530273,15064400
2025-01-31,1.7599999904632568,2.309999942779541,1.75,2.194999933242798,55699900
2025-02-03,1.600000023841858,1.690000057220459,1.5099999904632568,1.5099999904632568,6410500
2025-02-04,1.6100000143051147,1.7000000476837158,1.600000023841858,1.659999966621399,3581100
2025-02-05,1.5499999523162842,1.5800000429153442,1.4199999570846558,1.5800000429153442,4533400
2025-02-06,1.6299999952316284,1.7699999809265137,1.534999966621399,1.5499999523162842,8361300
2025-02-07,1.6299999952316284,1.7899999618530273,1.559999942779541,1.7899999618530273,7566100
2025-02-10,1.7400000095367432,1.8650000095367432,1.5,1.6299999952316284,10384300
2025-02-11,1.6100000143051147,1.7200000286102295,1.590000033378601,1.690000057220459,4263400
2025-02-12,1.649999976158142,1.6799999475479126,1.5499999523162842,1.590000033378601,2812500
2025-02-13,1.6799999475479126,1.690000057220459,1.600000023841858,1.659999966621399,3733600
2025-02-14,1.5700000524520874,1.649999976158142,1.5099999904632568,1.6349999904632568,4524600
2025-02-18,1.4500000476837158,1.5789999961853027,1.440000057220459,1.5499999523162842,3028200
2025-02-19,1.3600000143051147,1.4700000286102295,1.2899999618530273,1.4700000286102295,4483500
2025-02-20,1.2200000286102295,1.350000023841858,1.2200000286102295,1.3350000381469727,3212700
2025-02-21,1.2899999618530273,1.4700000286102295,1.2799999713897705,1.3600000143051147,6978400
2025-02-24,1.1100000143051147,1.2599999904632568,1.0700000524520874,1.25,3600700
2025-02-25,1.1299999952316284,1.1799999475479126,1.0299999713897705,1.1100000143051147,2235500
2025-02-26,1.100000023841858,1.1799999475479126,1.059999942779541,1.1200000047683716,2574600
2025-02-27,1.0299999713897705,1.1299999952316284,1.0199999809265137,1.1299999952316284,1701500
2025-02-28,0.9629999995231628,1.0199999809265137,0.9570000171661377,1.0199999809265137,1704900
2025-03-03,0.9419999718666077,1.0700000524520874,0.9309999942779541,1.0199999809265137,1561400
2025-03-04,0.9100000262260437,0.949999988079071,0.8209999799728394,0.8700000047683716,1607000
2025-03-05,0.9679999947547913,1.0,0.9110000133514404,0.9330000281333923,5842100
2025-03-06,1.0499999523162842,1.2899999618530273,1.0199999809265137,1.1699999570846558,31456200
2025-03-07,1.059999942779541,1.0800000429153442,0.9409999847412109,1.0299999713897705,3997300
2025-03-10,1.100000023841858,1.1299999952316284,0.9900000095367432,1.0,2151600
2025-03-11,1.0299999713897705,1.0800000429153442,1.0,1.0700000524520874,1434400
2025-03-12,1.059999942779541,1.1200000047683716,1.0299999713897705,1.0299999713897705,2225600
2025-03-13,1.0199999809265137,1.065000057220459,1.0,1.0449999570846558,1432300
2025-03-14,1.059999942779541,1.0800000429153442,1.0,1.0299999713897705,1426400
2025-03-17,1.159999966621399,1.190000057220459,1.059999942779541,1.059999942779541,3312500
2025-03-18,1.190000057220459,1.2100000381469727,1.0800000429153442,1.1699999570846558,2138900
2025-03-19,1.1100000143051147,1.25,1.1100000143051147,1.2000000476837158,1962100
2025-03-20,1.1399999856948853,1.2000000476837158,1.0709999799728394,1.1200000047683716,2527900
2025-03-21,1.190000057220459,1.2000000476837158,1.1399999856948853,1.190000057220459,1524500
2025-03-24,1.1699999570846558,1.2100000381469727,1.1399999856948853,1.2100000381469727,1695000
2025-03-25,1.1299999952316284,1.190000057220459,1.100000023841858,1.190000057220459,1348500
2025-03-26,1.059999942779541,1.1619999408721924,1.0299999713897705,1.159999966621399,1503800
2025-03-27,0.9900000095367432,1.0850000381469727,0.9850000143051147,1.0850000381469727,1628900
2025-03-28,1.0,1.0399999618530273,0.9800000190734863,0.9900000095367432,763200
2025-03-31,0.9190000295639038,0.9639999866485596,0.8999999761581421,0.949999988079071,1105100
2025-04-01,1.0399999618530273,1.059999942779541,0.9100000262260437,0.9100000262260437,1013400
2025-04-02,1.090000033378601,1.1200000047683716,1.0099999904632568,1.0199999809265137,1090800
2025-04-03,1.059999942779541,1.090000033378601,0.9789999723434448,0.9789999723434448,757900
2025-04-04,0.9649999737739563,1.0399999618530273,0.9210000038146973,1.0399999618530273,854000
2025-04-07,0.9020000100135803,0.9700000286102295,0.8700000047683716,0.8899999856948853,1043200
2025-04-08,0.847000002861023,0.9399999976158142,0.8199999928474426,0.9399999976158142,1234900
2025-04-09,0.9800000190734863,0.9900000095367432,0.8299999833106995,0.8399999737739563,1053500
2025-04-10,0.9399999976158142,0.9800000190734863,0.8999999761581421,0.9800000190734863,453900
2025-04-11,1.059999942779541,1.059999942779541,0.9359999895095825,0.9359999895095825,818000
2025-04-14,1.0499999523162842,1.090000033378601,1.0099999904632568,1.0700000524520874,964100
2025-04-15,1.0199999809265137,1.059999942779541,0.9900000095367432,1.059999942779541,777700
2025-04-16,0.9399999976158142,0.9860000014305115,0.9070000052452087,0.9399999976158142,1182300
2025-04-17,0.9399999976158142,0.9800000190734863,0.9100000262260437,0.9100000262260437,277100
2025-04-21,0.8659999966621399,0.9300000071525574,0.8399999737739563,0.8999999761581421,1000900
2025-04-22,0.9470000267028809,0.9700000286102295,0.8799999952316284,0.8799999952316284,923900
2025-04-23,0.968999981880188,1.0089999437332153,0.9399999976158142,0.9700000286102295,702000
2025-04-24,1.1200000047683716,1.1799999475479126,0.9639999866485596,0.9779999852180481,5192500
2025-04-25,1.090000033378601,1.3899999856948853,1.0800000429153442,1.315000057220459,29322900
2025-04-28,1.0700000524520874,1.11899995803833,1.0,1.100000023841858,3507100
2025-04-29,1.0700000524520874,1.152999997138977,1.0499999523162842,1.0499999523162842,1988100
2025-04-30,1.0099999904632568,1.0670000314712524,0.9700000286102295,1.0499999523162842,1585100
2025-05-01,1.0399999618530273,1.0399999618530273,1.0,1.0399999618530273,1033000
2025-05-02,1.0499999523162842,1.090000033378601,1.024999976158142,1.0299999713897705,1275200
2025-05-05,1.0,1.0299999713897705,0.9800000190734863,1.024999976158142,1004400
2025-05-06,0.9160000085830688,0.9990000128746033,0.9049999713897705,0.9800000190734863,1382300
2025-05-07,0.9419999718666077,0.9649999737739563,0.8899999856948853,0.9300000071525574,922400
2025-05-08,1.0,1.0299999713897705,0.9309999942779541,0.953000009059906,1391100
2025-05-09,0.9430000185966492,1.0199999809265137,0.9399999976158142,0.9900000095367432,1012500
2025-05-12,1.0299999713897705,1.0299999713897705,0.9700000286102295,1.0,1408500
2025-05-13,1.0499999523162842,1.1150000095367432,1.0099999904632568,1.0199999809265137,2562800
2025-05-14,1.090000033378601,1.1399999856948853,1.0299999713897705,1.0800000429153442,2772900
2025-05-15,1.0099999904632568,1.0399999618530273,1.0,1.0199999809265137,1794400
2025-05-16,0.9890000224113464,1.0299999713897705,0.9800000190734863,1.0199999809265137,1318300
2025-05-19,0.9800000190734863,1.0099999904632568,0.9509999752044678,0.972000002861023,957700
2025-05-20,1.0199999809265137,1.0299999713897705,0.9589999914169312,0.9800000190734863,881700
2025-05-21,0.968999981880188,1.0199999809265137,0.9620000123977661,1.0,808400
2025-05-22,0.9549999833106995,0.9900000095367432,0.9399999976158142,0.9800000190734863,1087300
2025-05-23,0.9290000200271606,0.9399999976158142,0.9100000262260437,0.9350000023841858,855400
2025-05-27,0.9670000076293945,0.9800000190734863,0.9200000166893005,0.949999988079071,1859100
2025-05-28,0.9229999780654907,1.0199999809265137,0.9200000166893005,0.9900000095367432,1517900
2025-05-29,0.9399999976158142,0.9580000042915344,0.925000011920929,0.9470000267028809,861600
2025-05-30,0.9160000085830688,0.9390000104904175,0.9070000052452087,0.9269999861717224,714700
2025-06-02,0.9399999976158142,0.9599999785423279,0.8799999952316284,0.9100000262260437,1165600
2025-06-03,0.9559999704360962,0.9850000143051147,0.9259999990463257,0.9449999928474426,858600
2025-06-04,1.0399999618530273,1.0399999618530273,0.9399999976158142,0.9440000057220459,2253500
2025-06-05,0.9070000052452087,1.0800000429153442,0.8999999761581421,1.0399999618530273,3248000
2025-06-06,0.9599999785423279,0.9879999756813049,0.925000011920929,0.9300000071525574,1349500
2025-06-09,0.9980000257492065,0.9980000257492065,0.9330000281333923,0.9599999785423279,1215400
2025-06-10,1.0,1.0299999713897705,0.9639999866485596,1.0,938300
2025-06-11,1.0099999904632568,1.0299999713897705,0.9789999723434448,0.9940000176429749,837700
2025-06-12,1.0700000524520874,1.100000023841858,0.9850000143051147,0.9900000095367432,2224900
2025-06-13,0.9459999799728394,1.0499999523162842,0.9440000057220459,1.0199999809265137,1235500
2025-06-16,0.968999981880188,0.9850000143051147,0.9399999976158142,0.949999988079071,721100
2025-06-17,0.9309999942779541,0.9900000095367432,0.9259999990463257,0.9879999756813049,661400
2025-06-18,0.9449999928474426,0.9900000095367432,0.9399999976158142,0.949999988079071,671900
2025-06-20,0.9449999928474426,0.9850000143051147,0.9300000071525574,0.9599999785423279,1565000
2025-06-23,0.9179999828338623,0.9399999976158142,0.8809999823570251,0.9330000281333923,1112800
2025-06-24,0.9330000281333923,0.9570000171661377,0.9150000214576721,0.9200000166893005,785100
2025-06-25,0.9470000267028809,0.9700000286102295,0.9150000214576721,0.949999988079071,802500
2025-06-26,0.9279999732971191,0.9549999833106995,0.9210000038146973,0.949999988079071,1013300
2025-06-27,0.9290000200271606,0.9399999976158142,0.8849999904632568,0.9279999732971191,984200
2025-06-30,0.9049999713897705,0.9300000071525574,0.8999999761581421,0.9300000071525574,692700
2025-07-01,0.9010000228881836,0.9120000004768372,0.8799999952316284,0.8999999761581421,742000
2025-07-02,0.9190000295639038,0.9399999976158142,0.8899999856948853,0.8949999809265137,581700
2025-07-03,0.906000018119812,0.9300000071525574,0.8899999856948853,0.9300000071525574,468900
2025-07-07,1.0700000524520874,1.090000033378601,0.8849999904632568,0.9100000262260437,3996200
