ticker,title,url,source
INTC,"Intel announces $8.9 billion investment from US government, which will own 9.9% of chipmaker",https://finance.yahoo.com/news/intel-announces-89-billion-investment-from-us-government-which-will-own-99-of-chipmaker-180452175.html,trust me bro
INTC,Jeffrey Katzenberg and Kimbal Musk are bringing sky-high storytelling to life,https://finance.yahoo.com/news/jeffrey-katzenberg-and-kimbal-musk-are-bringing-sky-high-storytelling-to-life-130058832.html,trust me bro
INTC,Intel (INTC) Stock Holds $21 Target as Truist Stays Cautious,https://finance.yahoo.com/news/intel-intc-stock-holds-21-015010467.html,trust me bro
INTC,Intel confirms unprecedented US investment,https://finance.yahoo.com/news/intel-confirms-unprecedented-us-investment-014646572.html,trust me bro
INTC,"Daiwa Cuts Applied Materials (AMAT) Rating to Neutral, Lowers PT to $170",https://finance.yahoo.com/news/daiwa-cuts-applied-materials-amat-011455449.html,trust me bro
INTC,"UBS Reiterates Neutral on Intel (INTC), Sets $25 Price Target",https://finance.yahoo.com/news/ubs-reiterates-neutral-intel-intc-011159576.html,trust me bro
INTC,Why Intel Stock Soared Today,https://finance.yahoo.com/news/why-intel-stock-soared-today-233605237.html,trust me bro
INTC,"Trump, Intel announce deal giving US a 10% stake in chipmaker",https://finance.yahoo.com/news/trump-intel-announce-deal-giving-231313219.html,trust me bro
INTC,"Trump, Intel Agree to 10% U.S. Stake as President Promises More Deals",https://finance.yahoo.com/m/0a5511c9-5aa0-3c54-a7cf-9807b2bdb719/trump-intel-agree-to-10-.html,trust me bro
INTC,Trump says Intel has agreed to give U.S. a 10% stake in the struggling tech company,https://finance.yahoo.com/news/trump-says-intel-agreed-u-223932200.html,trust me bro
OPEN,What is a meme stock? The role of retail traders & speculation,https://finance.yahoo.com/video/meme-stock-role-retail-traders-204853909.html,trust me bro
OPEN,"CSX–BNSF Railway, Opendoor surges, Cracker Barrel sell-off eases",https://finance.yahoo.com/video/csx-bnsf-railway-opendoor-surges-171127431.html,trust me bro
OPEN,"Opendoor, Mr. Cooper Group, Flagstar Financial, Columbia Financial, and Arbor Realty Trust Stocks Trade Up, What You Need To Know",https://finance.yahoo.com/news/opendoor-mr-cooper-group-flagstar-175541371.html,trust me bro
OPEN,Why Opendoor Technologies Stock (OPEN) Is Skyrocketing Today,https://finance.yahoo.com/news/why-opendoor-technologies-stock-open-172615509.html,trust me bro
OPEN,BC-Most Active Stocks,https://finance.yahoo.com/news/bc-most-active-stocks-143015668.html,trust me bro
OPEN,OPEN Stock Up 40% Since Q2 Earnings: Is It a Sign to Buy or Abstain?,https://finance.yahoo.com/news/open-stock-40-since-q2-133100552.html,trust me bro
OPEN,Why Opendoor Technologies Stock Is Skyrocketing Today,https://finance.yahoo.com/news/why-opendoor-technologies-stock-skyrocketing-181349976.html,trust me bro
OPEN,"Opendoor (OPEN) Ends “Meme Rally” on Profit-Taking, Shares Up 75% Month-to-Date",https://finance.yahoo.com/news/opendoor-open-ends-meme-rally-144422141.html,trust me bro
OPEN,Is Reddit’s Triple-Digit Rally Justified After Latest Meme Stock Surge?,https://finance.yahoo.com/news/reddit-triple-digit-rally-justified-100912514.html,trust me bro
OPEN,Anthony Pompliano Says Opendoor Is Not A 'Meme Stock' — Retail Investors Are Like 'A Decentralized Hedge Fund',https://finance.yahoo.com/news/anthony-pompliano-says-opendoor-not-003109868.html,trust me bro
TSLA,Jeffrey Katzenberg and Kimbal Musk are bringing sky-high storytelling to life,https://finance.yahoo.com/news/jeffrey-katzenberg-and-kimbal-musk-are-bringing-sky-high-storytelling-to-life-130058832.html,trust me bro
TSLA,Morgan Stanley Predicts Record Q3 Sales for Nio (NIO) Amid Robust Demand,https://finance.yahoo.com/news/morgan-stanley-predicts-record-q3-034601734.html,trust me bro
TSLA,Tesla (TSLA) Robotaxi Demo Wows Analysts Ahead of September Launch,https://finance.yahoo.com/news/tesla-tsla-robotaxi-demo-wows-010552738.html,trust me bro
TSLA,I Drove an EV Deep Into the Wilderness. I Never Feared Running Out of Juice.,https://finance.yahoo.com/m/556ceed4-7947-31dc-aff3-1d29e1478339/i-drove-an-ev-deep-into-the.html,trust me bro
TSLA,Tesla Leads Mega-Cap Tech Stock Rally After Powell Points to Possible Rate Cut,https://finance.yahoo.com/news/tesla-leads-mega-cap-tech-230656017.html,trust me bro
TSLA,"Stocks to Watch Recap: Tesla, Carnival, Intuit, Nvidia",https://finance.yahoo.com/m/bc0e5c8b-0d55-3427-9999-8207fbeb2e01/stocks-to-watch-recap-tesla-.html,trust me bro
TSLA,Dow Hits Record High as Powell's Dovish Tilt Fuels Stock Market Rally,https://finance.yahoo.com/news/dow-hits-record-high-powell-210137295.html,trust me bro
TSLA,NIO Stock Soars. How the Tesla Rival Has Escalated the EV War.,https://finance.yahoo.com/m/e0204bea-0207-35cb-8730-28c0aefa2e29/nio-stock-soars-how-the.html,trust me bro
TSLA,Tesla Stock Soars. Interest Rates Are What Really Matter.,https://finance.yahoo.com/m/718e0130-63e3-32ce-ad7a-c63611b68aa6/tesla-stock-soars-interest.html,trust me bro
TSLA,Why Is Tesla (TSLA) Stock Rocketing Higher Today,https://finance.yahoo.com/news/why-tesla-tsla-stock-rocketing-193042866.html,trust me bro
UI,"Stocks to Watch Recap: Tesla, Carnival, Intuit, Nvidia",https://finance.yahoo.com/m/bc0e5c8b-0d55-3427-9999-8207fbeb2e01/stocks-to-watch-recap-tesla-.html,trust me bro
UI,Why Ubiquiti Rocketed 25% Higher Today,https://finance.yahoo.com/news/why-ubiquiti-rocketed-25-higher-163421066.html,trust me bro
UI,Workday Q2 Earnings Beat Estimates on Solid Revenue Growth,https://finance.yahoo.com/news/workday-q2-earnings-beat-estimates-163200027.html,trust me bro
UI,This Network-Tech Stock Is Rising 23%. It Hiked Its Dividend and More.,https://finance.yahoo.com/m/b6c5fa06-1dd4-3192-b3fa-83155a99b93c/this-network-tech-stock-is.html,trust me bro
UI,"ACLS, GE Partner to Advance High Voltage Silicon Carbide Power Devices",https://finance.yahoo.com/news/acls-ge-partner-advance-high-143600159.html,trust me bro
UI,Ubiquiti Inc. (UI) Tops Q4 Earnings and Revenue Estimates (Revised),https://finance.yahoo.com/news/ubiquiti-inc-ui-tops-q4-140300834.html,trust me bro
UI,Ubiquiti Inc. (UI) Tops Q4 Earnings and Revenue Estimates,https://finance.yahoo.com/news/ubiquiti-inc-ui-tops-q4-121502098.html,trust me bro
UI,Ubiquiti: Fiscal Q4 Earnings Snapshot,https://finance.yahoo.com/news/ubiquiti-fiscal-q4-earnings-snapshot-112339220.html,trust me bro
UI,Ubiquiti Inc. Reports Fourth Quarter Fiscal 2025 Financial Results,https://finance.yahoo.com/news/ubiquiti-inc-reports-fourth-quarter-110300171.html,trust me bro
UI,"CRUS, GlobalFoundries Deepen Alliance on Next-Gen Chip Technologies",https://finance.yahoo.com/news/crus-globalfoundries-deepen-alliance-next-134400041.html,trust me bro
RH,Are You a Momentum Investor? This 1 Stock Could Be the Perfect Pick,https://finance.yahoo.com/news/momentum-investor-1-stock-could-135002213.html,trust me bro
RH,BJ's Wholesale Club (BJ) Q2 Earnings Top Estimates,https://finance.yahoo.com/news/bjs-wholesale-club-bj-q2-121001406.html,trust me bro
RH,RH (RH) Sees a More Significant Dip Than Broader Market: Some Facts to Know,https://finance.yahoo.com/news/rh-rh-sees-more-significant-221502678.html,trust me bro
RH,RH (RH): A Bear Case Theory,https://finance.yahoo.com/news/rh-rh-bear-case-theory-034733288.html,trust me bro
RH,RH (RH) Stock Sinks As Market Gains: Here's Why,https://finance.yahoo.com/news/rh-rh-stock-sinks-market-221501513.html,trust me bro
RH,RH (RH) Stock Slides as Market Rises: Facts to Know Before You Trade,https://finance.yahoo.com/news/rh-rh-stock-slides-market-221502029.html,trust me bro
RH,Growth Companies With High Insider Ownership And Up To 67% Earnings Growth,https://finance.yahoo.com/news/growth-companies-high-insider-ownership-113536799.html,trust me bro
RH,Capital Allocation Trends At RH (NYSE:RH) Aren't Ideal,https://finance.yahoo.com/news/capital-allocation-trends-rh-nyse-103210915.html,trust me bro
RH,Baron Discovery Fund Sold RH (RH) due to Heightened Risk and Uncertainty,https://finance.yahoo.com/news/baron-discovery-fund-sold-rh-115049934.html,trust me bro
RH,RH (RH) Suffers a Larger Drop Than the General Market: Key Insights,https://finance.yahoo.com/news/rh-rh-suffers-larger-drop-221502207.html,trust me bro
